path,title,modified,purpose,version_or_milestone,currentness,duplicate_or_superseded,audience,value,recommended_action,explanation
AI_AGENT_START_HERE.md,AI Agent Start Here,2026-05-20 12:16,AI-agent entry point and reading order,"V6, V5, PG-3, 2026-05-20, 2026-05-18",Needs update,no obvious duplicate,AI-agent-facing,90,UPDATE,Canonical or high-value navigation/safety/current-state document. This pass found stale or missing-reference wording and updates it in place.
AI_DIRECTIVE.md,AI Coding Directive — MediaPipeline RemuxEncode AIO V5,2026-05-20 12:16,AI coding directive and project rules,V5,Current,no obvious duplicate,AI-agent-facing,90,KEEP_AS_CANONICAL,Canonical or high-value navigation/safety/current-state document.
DesktopApp/tauri_shell/README.md,MediaPipeline Tauri/WebView2 Shell,2026-05-20 12:16,README or setup/navigation document,"V6, V5, PG-3, PG-1, PG-2",Current,same filename as Docs/DesktopApp/docs/README.md; SmokeTests/README.md,developer-facing,90,KEEP_AS_CANONICAL,Canonical or high-value navigation/safety/current-state document. Duplicate/supersession signal: same filename as Docs/DesktopApp/docs/README.md; SmokeTests/README.md
Docs/architecture/DECISIONS_AND_HISTORY.md,Decisions And History,2026-05-20 12:16,"architecture, boundary, or design reference","V6, V5, V4, 2026-05-20",Current,no obvious duplicate,developer-facing,90,KEEP_AS_CANONICAL,Canonical or high-value navigation/safety/current-state document.
Docs/architecture/MODULE_MAP.md,Module Map,2026-05-20 12:16,"architecture, boundary, or design reference",not stated,Current,no obvious duplicate,developer-facing,90,KEEP_AS_CANONICAL,Canonical or high-value navigation/safety/current-state document.
Docs/architecture/TAURI_BACKEND_LIFECYCLE_BOUNDARY.md,Tauri Backend Lifecycle Boundary,2026-05-20 12:16,"architecture, boundary, or design reference","V6, PG-3, 2026-05-19, 2026-05-20",Current,no obvious duplicate,developer-facing,90,KEEP_AS_CANONICAL,Canonical or high-value navigation/safety/current-state document.
Docs/ARCHIVED_MD_INDEX.md,Archived Markdown Index,2026-05-20 12:16,documentation/reference note,2026-05-20,Needs update,no obvious duplicate,developer-facing,90,UPDATE,Canonical or high-value navigation/safety/current-state document. Contains stale or missing active-doc path references: Docs/architecture/DEPLOYABILITY_CHECKLIST.md; Docs/architecture/TAURI_WEBVIEW_PARITY_MATRIX.md; Docs/DesktopApp/README_MediaPipelineRemuxEncodeAIO_DesktopApp.md; Docs/DesktopApp/docs/FEATURE_OUTLINE_AND_SOFTWARE_COMPARISON.md
Docs/CURRENT_PROJECT_STATE.md,Current Project State,2026-05-20 12:16,current architecture and state source,"V6, V5, V3, V4, PG-3",Needs update,no obvious duplicate,developer-facing,90,UPDATE,Canonical or high-value navigation/safety/current-state document. This pass found stale or missing-reference wording and updates it in place. Contains stale or missing active-doc path references: Docs/proposals/CODE_MANAGEMENT_CLEANUP_PLAN.md; Docs/ui/UI_IMPROVEMENT_CHECKLIST.md; Docs/RealMediaValidationRuns/real_media_validation_20260518_transition_followup_plan.md; Docs/DesktopApp/docs/FEATURE_OUTLINE_AND_SOFTWARE_COMPARISON.md
Docs/DOCS_INDEX.md,MediaPipelineRemuxEncodeAIO V6 Documentation Index,2026-05-20 12:16,documentation navigation index,"V6, V5, 2026-05-20",Needs update,no obvious duplicate,developer-facing,90,UPDATE,Canonical or high-value navigation/safety/current-state document. This pass found stale or missing-reference wording and updates it in place.
Docs/inventories/API_ROUTE_INVENTORY.md,API Route Inventory,2026-05-20 12:16,"inventory/reference map for code, routes, tests, or artifacts",2026-05-20,Current,no obvious duplicate,developer-facing,90,KEEP_AS_CANONICAL,Canonical or high-value navigation/safety/current-state document.
Docs/inventories/COMMAND_OWNERSHIP_MATRIX.md,Command Ownership Matrix,2026-05-20 12:16,"inventory/reference map for code, routes, tests, or artifacts","2026-05-20, 2026-05-15",Current,no obvious duplicate,developer-facing,90,KEEP_AS_CANONICAL,Canonical or high-value navigation/safety/current-state document.
Docs/inventories/LOCAL_API_ROUTE_OWNERSHIP_MAP.md,Local API Route Ownership Map,2026-05-20 12:16,"inventory/reference map for code, routes, tests, or artifacts",not stated,Current,no obvious duplicate,developer-facing,90,KEEP_AS_CANONICAL,Canonical or high-value navigation/safety/current-state document.
Docs/inventories/RELEASE_PACKAGE_ADMIN_INVENTORY.md,Release Package Admin Inventory,2026-05-20 12:16,"inventory/reference map for code, routes, tests, or artifacts",2026-05-20,Current,no obvious duplicate,developer-facing,90,KEEP_AS_CANONICAL,Canonical or high-value navigation/safety/current-state document.
Docs/inventories/ROOT_SCRIPT_INVENTORY.md,Root Script Inventory and Purpose Table,2026-05-20 12:16,"inventory/reference map for code, routes, tests, or artifacts","V6, 2026-05-20",Current,no obvious duplicate,developer-facing,90,KEEP_AS_CANONICAL,Canonical or high-value navigation/safety/current-state document.
Docs/operator/NO_TOUCH_BOUNDARY_REGISTER.md,No-Touch Boundary Register,2026-05-20 12:16,operator-facing runbook or glossary,"V4, V5, V6",Needs update,no obvious duplicate,operator-facing,90,UPDATE,Canonical or high-value navigation/safety/current-state document. This pass found stale or missing-reference wording and updates it in place.
Docs/README_MediaPipelineRemuxEncodeAIO.md,MediaPipelineRemuxEncodeAIO,2026-05-20 12:16,README or setup/navigation document,"V6, V5, PG-3, 2026-05-18",Current,no obvious duplicate,operator-facing,90,KEEP_AS_CANONICAL,Canonical or high-value navigation/safety/current-state document.
Docs/sample-validation/V5_REAL_MEDIA_VALIDATION_PLAYBOOK.md,V5/V6 Real-Media Validation Playbook,2026-05-20 12:16,real-media/sample validation guidance,"V5, V6",Needs human review,no obvious duplicate,operator-facing,90,KEEP_AS_CANONICAL,Canonical or high-value navigation/safety/current-state document. Active filename is V5-labeled; content may still be useful but naming should be reviewed after V6 settles.
Docs/testing/TEST_COVERAGE_MATRIX.md,Test Coverage Matrix,2026-05-20 12:16,testing and validation guidance,"V6, V4, V5, PG-1, Wave 5",Needs update,no obvious duplicate,developer-facing,90,UPDATE,Canonical or high-value navigation/safety/current-state document. This pass found stale or missing-reference wording and updates it in place. Contains stale or missing active-doc path references: Docs/ui/UI_IMPROVEMENT_CHECKLIST.md; Docs/ui/LAYOUT_MANAGER_EDGE_CASES.md; LAYOUT_MANAGER_EDGE_CASES.md
Docs/testing/VALIDATION_LADDER_RUNBOOK.md,Validation Ladder Runbook,2026-05-20 12:16,testing and validation guidance,"V5, V6, PG-1, 2026-05-15, 2026-05-20",Current,no obvious duplicate,developer-facing,90,KEEP_AS_CANONICAL,Canonical or high-value navigation/safety/current-state document.
Docs/testing/WEBVIEW_SMOKE_TEST_CATALOG.md,WebView Smoke Test Catalog,2026-05-20 12:16,testing and validation guidance,not stated,Current,no obvious duplicate,developer-facing,90,KEEP_AS_CANONICAL,Canonical or high-value navigation/safety/current-state document.
Docs/TLDR.md,MediaPipelineRemuxEncodeAIO V6 TLDR,2026-05-20 12:16,operator quick-start summary,"V6, V5",Needs update,no obvious duplicate,operator-facing,90,UPDATE,Canonical or high-value navigation/safety/current-state document. This pass found stale or missing-reference wording and updates it in place.
DOCS_HOUSEKEEPING_AUDIT.md,Documentation Housekeeping Audit,2026-05-20 12:16,documentation audit and inventory,"V6, V3, V4, V5, 2026-05-20",Needs update,no obvious duplicate,developer-facing,90,UPDATE,Canonical or high-value navigation/safety/current-state document. Contains stale or missing active-doc path references: Start-MediaPipelineRemuxEncodeAIO-DesktopApp; Launch-MediaPipelineRemuxEncodeAIO-DesktopApp; Docs/proposals/CODE_MANAGEMENT_CLEANUP_PLAN.md; Docs/ui/UI_IMPROVEMENT_CHECKLIST.md; ...
DOCS_HOUSEKEEPING_CHECKLIST.md,Documentation Housekeeping Checklist,2026-05-20 12:16,recurring documentation hygiene checklist,"V6, 2026-05-20",Needs update,no obvious duplicate,developer-facing,90,UPDATE,Canonical or high-value navigation/safety/current-state document. Contains stale or missing active-doc path references: Start-MediaPipelineRemuxEncodeAIO-DesktopApp; Launch-MediaPipelineRemuxEncodeAIO-DesktopApp
OPEN_WORK_CHECKLIST.md,Open Work Checklist,2026-05-20 12:16,active work queue and promotion blockers,"V5, V6, PG-3, Wave 6, Wave B",Needs update,no obvious duplicate,developer-facing,90,UPDATE,Canonical or high-value navigation/safety/current-state document. This pass found stale or missing-reference wording and updates it in place. Contains stale or missing active-doc path references: Docs/proposals/CODE_MANAGEMENT_CLEANUP_PLAN.md; Docs/ui/UI_IMPROVEMENT_CHECKLIST.md; LAYOUT_MANAGER_EDGE_CASES.md; Docs/RealMediaValidationRuns/real_media_validation_20260518_transition_followup_plan.md
SmokeTests/README.md,SmokeTests,2026-05-20 12:16,README or setup/navigation document,not stated,Current,same filename as DesktopApp/tauri_shell/README.md; Docs/DesktopApp/docs/README.md,developer-facing,90,KEEP_AS_CANONICAL,Canonical or high-value navigation/safety/current-state document. Duplicate/supersession signal: same filename as DesktopApp/tauri_shell/README.md; Docs/DesktopApp/docs/README.md
V6_SPLIT_NOTES.md,V6 Split Notes,2026-05-20 12:16,V6 split scope and validation record,"V6, V5, 2026-05-20, v6.000",Current,no obvious duplicate,developer-facing,90,KEEP_AS_CANONICAL,Canonical or high-value navigation/safety/current-state document.
Docs/REMEDIATION_CHANGELOG.md,MediaPipelineRemuxEncodeAIO V6 Remediation Changelog,2026-05-20 12:16,change history or documentation touch log,"V6, V5, V4, V3, PG-3",Current but too large for onboarding,no obvious duplicate,developer-facing,78,MOVE_TO_CHANGE_HISTORY,Canonical or high-value navigation/safety/current-state document. Contains stale or missing active-doc path references: Start-MediaPipelineRemuxEncodeAIO-DesktopApp; Launch-MediaPipelineRemuxEncodeAIO-DesktopApp; Docs/proposals/CODE_MANAGEMENT_CLEANUP_PLAN.md; Docs/ui/UI_IMPROVEMENT_CHECKLIST.md; ... Keep as forensic history; link from canonical docs rather than treating as first-read material.
Docs/architecture/CONFIG_KEY_GLOSSARY.md,Config Key Glossary,2026-05-20 12:16,"architecture, boundary, or design reference",2026-05-19,Current,no obvious duplicate,developer-facing,70,KEEP_AS_CANONICAL,Active developer/operator reference in a topic folder.
Docs/architecture/LOCAL_API_EVIDENCE_MUTATION_MATRIX.md,Local API Evidence vs Mutation Matrix,2026-05-20 12:16,"architecture, boundary, or design reference",not stated,Current,no obvious duplicate,developer-facing,70,KEEP_AS_CANONICAL,Active developer/operator reference in a topic folder.
Docs/architecture/LOCAL_API_SECURITY_SURFACE.md,Local API Security Surface,2026-05-20 12:16,"architecture, boundary, or design reference",2026-05-20,Current,no obvious duplicate,developer-facing,70,KEEP_AS_CANONICAL,Active developer/operator reference in a topic folder.
Docs/architecture/LOGGING_CONVENTION.md,Logging Convention,2026-05-20 12:16,"architecture, boundary, or design reference",not stated,Needs update,no obvious duplicate,developer-facing,70,UPDATE,Active developer/operator reference in a topic folder. Contains stale or missing active-doc path references: Docs/proposals/CODE_MANAGEMENT_CLEANUP_PLAN.md
Docs/architecture/NETWORK_LIFECYCLE_COMMAND_CONTRACT.md,Network Lifecycle Command Contract,2026-05-20 12:16,"architecture, boundary, or design reference","V5, 2026-05-20",Current,no obvious duplicate,developer-facing,70,KEEP_AS_CANONICAL,Active developer/operator reference in a topic folder.
Docs/architecture/NETWORK_MODE_READ_ONLY_DOCUMENTATION.md,Network Mode Read-Only Documentation,2026-05-20 12:16,"architecture, boundary, or design reference",2026-05-20,Current,no obvious duplicate,developer-facing,70,KEEP_AS_CANONICAL,Active developer/operator reference in a topic folder.
Docs/architecture/REPAIR_RECONCILE_MUTATION_CONTRACT.md,Repair/Reconcile Mutation Contract,2026-05-20 12:16,"architecture, boundary, or design reference","V5, 2026-05-19",Current,no obvious duplicate,developer-facing,70,KEEP_AS_CANONICAL,Active developer/operator reference in a topic folder.
Docs/architecture/SETTINGS_RAW_KEY_TRIAGE.md,Settings Raw-Key Triage,2026-05-20 12:16,"architecture, boundary, or design reference","2026-05-14, 2026-05-15, 2026-05-19",Current,no obvious duplicate,developer-facing,70,KEEP_AS_CANONICAL,Active developer/operator reference in a topic folder.
Docs/architecture/STATE_SURFACE_INVENTORY.md,State Surface Inventory,2026-05-20 12:16,"architecture, boundary, or design reference",not stated,Current,no obvious duplicate,developer-facing,70,KEEP_AS_CANONICAL,Active developer/operator reference in a topic folder.
Docs/architecture/V5_MIGRATION_RISK_REGISTER.md,V5 Migration Risk Register,2026-05-20 12:16,"architecture, boundary, or design reference","V5, V6, V4, PG-3, 2026-05-14",Needs update,no obvious duplicate,developer-facing,70,UPDATE,Active developer/operator reference in a topic folder. Active filename is V5-labeled; content may still be useful but naming should be reviewed after V6 settles. Contains stale or missing active-doc path references: Docs/architecture/TAURI_WEBVIEW_PARITY_MATRIX.md
Docs/DOC_TOUCH_LOG.md,DOC_TOUCH_LOG.md,2026-05-20 12:16,change history or documentation touch log,"V4, V5, V6, PG-3, PG-2",Current change-history support,no obvious duplicate,developer-facing,70,MOVE_TO_CHANGE_HISTORY,Canonical or high-value navigation/safety/current-state document. Contains stale or missing active-doc path references: LAYOUT_MANAGER_EDGE_CASES.md; Docs/architecture/TAURI_WEBVIEW_PARITY_MATRIX.md Maintain as touch-log evidence when normal discipline requires it.
Docs/inventories/LOG_ARTIFACT_CATALOG.md,Log Artifact Catalog,2026-05-20 12:16,"inventory/reference map for code, routes, tests, or artifacts","V5, 2026-05-14",Current,no obvious duplicate,developer-facing,70,KEEP_AS_CANONICAL,Active developer/operator reference in a topic folder.
Docs/inventories/PACKAGING_DEPENDENCY_INVENTORY.md,Packaging Dependency Inventory,2026-05-20 12:16,"inventory/reference map for code, routes, tests, or artifacts",not stated,Current,no obvious duplicate,developer-facing,70,KEEP_AS_CANONICAL,Active developer/operator reference in a topic folder.
Docs/inventories/PENDING_PUBLISH_FIXTURE_INVENTORY.md,Pending Publish Fixture Inventory,2026-05-20 12:16,"inventory/reference map for code, routes, tests, or artifacts",not stated,Current,no obvious duplicate,developer-facing,70,KEEP_AS_CANONICAL,Active developer/operator reference in a topic folder.
Docs/inventories/RENAME_SAFETY_TEST_INVENTORY.md,Rename Safety Test Inventory,2026-05-20 12:16,"inventory/reference map for code, routes, tests, or artifacts",2026-05-19,Current,no obvious duplicate,developer-facing,70,KEEP_AS_CANONICAL,Active developer/operator reference in a topic folder.
Docs/inventories/RENAME_TOOL_EDGE_CASE_CATALOG.md,Rename Tool Edge Case Catalog,2026-05-20 12:16,"inventory/reference map for code, routes, tests, or artifacts",2026-05-14,Current,no obvious duplicate,developer-facing,70,KEEP_AS_CANONICAL,Active developer/operator reference in a topic folder.
Docs/inventories/RUNTIME_ARTIFACT_INVENTORY.md,Runtime Artifact Inventory,2026-05-20 12:16,"inventory/reference map for code, routes, tests, or artifacts",V6,Current,no obvious duplicate,developer-facing,70,KEEP_AS_CANONICAL,Active developer/operator reference in a topic folder.
Docs/inventories/SETTINGS_BUILDER_COVERAGE_MATRIX.md,Settings Builder Coverage Matrix,2026-05-20 12:16,"inventory/reference map for code, routes, tests, or artifacts","V5, 2026-05-15",Current,no obvious duplicate,developer-facing,70,KEEP_AS_CANONICAL,Active developer/operator reference in a topic folder.
Docs/inventories/SETTINGS_KEY_OWNERSHIP_MAP.md,Settings Key Ownership Map,2026-05-20 12:16,"inventory/reference map for code, routes, tests, or artifacts",2026-05-14,Current,no obvious duplicate,developer-facing,70,KEEP_AS_CANONICAL,Active developer/operator reference in a topic folder.
Docs/inventories/SMOKE_TEST_INVENTORY.md,Smoke Test Inventory,2026-05-20 12:16,testing and validation guidance,2026-05-20,Current,no obvious duplicate,developer-facing,70,KEEP_AS_CANONICAL,Active developer/operator reference in a topic folder.
Docs/inventories/STATE_FILE_SCHEMA_REFERENCE.md,State File Schema Reference,2026-05-20 12:16,"inventory/reference map for code, routes, tests, or artifacts","V5, 2026-05-14",Current,no obvious duplicate,developer-facing,70,KEEP_AS_CANONICAL,Active developer/operator reference in a topic folder.
Docs/inventories/TEST_SUITE_SUBSYSTEM_INVENTORY.md,Test Suite Subsystem Inventory,2026-05-20 12:16,"inventory/reference map for code, routes, tests, or artifacts",not stated,Current,no obvious duplicate,developer-facing,70,KEEP_AS_CANONICAL,Active developer/operator reference in a topic folder.
Docs/inventories/WEBVIEW_DOM_ID_INVENTORY.md,WebView DOM ID Inventory,2026-05-20 12:16,"inventory/reference map for code, routes, tests, or artifacts","V5, 2026-05-20, 2026-05-15, 2026-05-16, 2026-05-18",Current,no obvious duplicate,developer-facing,70,KEEP_AS_CANONICAL,Active developer/operator reference in a topic folder.
Docs/inventories/WEBVIEW_GLOBAL_EXPORT_INVENTORY.md,WebView Global Export Inventory,2026-05-20 12:16,"inventory/reference map for code, routes, tests, or artifacts","2026-05-20, 2026-05-15, 2026-05-18, 2026-05-19",Current,no obvious duplicate,developer-facing,70,KEEP_AS_CANONICAL,Active developer/operator reference in a topic folder.
Docs/sample-validation/REAL_MEDIA_VALIDATION_EVIDENCE_TEMPLATE.md,Real-Media Validation Evidence Template,2026-05-20 12:16,real-media/sample validation guidance,"V6, V5",Current,no obvious duplicate,operator-facing,70,KEEP_AS_CANONICAL,Active developer/operator reference in a topic folder.
Docs/sample-validation/SAMPLE_VALIDATION_PAYLOAD_SCHEMA_REFERENCE.md,Sample Validation Payload Schema Reference,2026-05-20 12:16,real-media/sample validation guidance,2026-05-15,Current,no obvious duplicate,operator-facing,70,KEEP_AS_CANONICAL,Active developer/operator reference in a topic folder.
Docs/sample-validation/SAMPLE_VALIDATION_RECORD_OPERATOR_GUIDE.md,Sample Validation Record Evidence Operator Guide,2026-05-20 12:16,real-media/sample validation guidance,"V5, 2026-05-15",Current,no obvious duplicate,operator-facing,70,KEEP_AS_CANONICAL,Active developer/operator reference in a topic folder.
Docs/sample-validation/V5_SAMPLE_VALIDATION_ARTIFACT_DESIGN.md,V5 Sample Validation Artifact Design,2026-05-20 12:16,real-media/sample validation guidance,V5,Needs human review,no obvious duplicate,operator-facing,70,KEEP_AS_CANONICAL,Active developer/operator reference in a topic folder. Active filename is V5-labeled; content may still be useful but naming should be reviewed after V6 settles.
Docs/testing/BROWSER_SMOKE_DOES_NOT_MUTATE_MATRIX.md,"Browser Smoke ""Does Not Mutate"" Matrix",2026-05-20 12:16,testing and validation guidance,"V5, 2026-05-18, 2026-05-20, 2026-05-15",Current,no obvious duplicate,developer-facing,70,KEEP_AS_CANONICAL,Active developer/operator reference in a topic folder.
Docs/testing/BROWSER_SMOKE_FAILURE_TRIAGE_CHEATSHEET.md,Browser Smoke Failure Triage Cheatsheet,2026-05-20 12:16,testing and validation guidance,"2026-05-14, 2026-05-15",Current,no obvious duplicate,developer-facing,70,KEEP_AS_CANONICAL,Active developer/operator reference in a topic folder.
Docs/testing/BROWSER_SMOKE_PREREQUISITES_CHECKLIST.md,Browser Smoke Prerequisites Checklist,2026-05-20 12:16,testing and validation guidance,not stated,Current,no obvious duplicate,developer-facing,70,KEEP_AS_CANONICAL,Active developer/operator reference in a topic folder.
Docs/testing/BROWSER_SMOKE_TEST_RUNBOOK.md,Browser Smoke Test Runbook,2026-05-20 12:16,testing and validation guidance,not stated,Current,no obvious duplicate,developer-facing,70,KEEP_AS_CANONICAL,Active developer/operator reference in a topic folder.
Docs/testing/WEBVIEW_SMOKE_RESULT_TEMPLATE.md,WebView Smoke Result Log Template,2026-05-20 12:16,testing and validation guidance,not stated,Current,no obvious duplicate,developer-facing,70,KEEP_AS_CANONICAL,Active developer/operator reference in a topic folder.
Docs/operator/COMPLETED_PENDING_FAILURE_PLAYBOOK.md,Completed / Pending Publish Failure Playbook,2026-05-20 12:16,operator-facing runbook or glossary,2026-05-14,Current,no obvious duplicate,operator-facing,68,KEEP_AS_CANONICAL,Operator reference remains useful in its topic folder.
Docs/operator/DIAGNOSTICS_READ_ONLY_TARGETS_RUNBOOK.md,Diagnostics Read-Only Targets Runbook,2026-05-20 12:16,operator-facing runbook or glossary,2026-05-15,Current,no obvious duplicate,operator-facing,68,KEEP_AS_CANONICAL,Operator reference remains useful in its topic folder.
Docs/operator/FAILURE_TRIAGE_WORKSHEET.md,Failure Triage Worksheet,2026-05-20 12:16,operator-facing runbook or glossary,not stated,Current,no obvious duplicate,operator-facing,68,KEEP_AS_CANONICAL,Operator reference remains useful in its topic folder.
Docs/operator/OPERATOR_GLOSSARY.md,Operator Glossary,2026-05-20 12:16,operator-facing runbook or glossary,"V5, V6, 2026-05-15",Current,no obvious duplicate,operator-facing,68,KEEP_AS_CANONICAL,Operator reference remains useful in its topic folder.
Docs/operator/POWERSHELL_HOST_EXPECTATIONS.md,PowerShell Host Expectations,2026-05-20 12:16,operator-facing runbook or glossary,V6,Current,no obvious duplicate,operator-facing,68,KEEP_AS_CANONICAL,Operator reference remains useful in its topic folder.
Docs/operator/TERMINOLOGY_CONSISTENCY_GUIDE.md,Terminology Consistency Guide,2026-05-20 12:16,operator-facing runbook or glossary,"V5, 2026-05-14",Current,no obvious duplicate,operator-facing,68,KEEP_AS_CANONICAL,Operator reference remains useful in its topic folder.
Docs/operator/WEBVIEW_MANUAL_OPERATOR_TEST_SCRIPT.md,WebView Manual Operator Test Script,2026-05-20 12:16,operator-facing runbook or glossary,"V5, 2026-05-14, 2026-05-15",Current,no obvious duplicate,operator-facing,68,KEEP_AS_CANONICAL,Operator reference remains useful in its topic folder.
Docs/operator/WEBVIEW_SCOPE_PREVIEW_OPERATOR_GUIDE.md,WebView Scope Preview Operator Guide,2026-05-20 12:16,operator-facing runbook or glossary,2026-05-15,Current,no obvious duplicate,operator-facing,68,KEEP_AS_CANONICAL,Operator reference remains useful in its topic folder.
Docs/audits/DEAD_EXPORT_AUDIT_2026-05-19.md,Dead Export Audit - 2026-05-19,2026-05-20 12:16,audit result or review output,2026-05-19,Needs update,no obvious duplicate,developer-facing,65,UPDATE,Active documentation with some ongoing reference value. Contains stale or missing active-doc path references: Docs/proposals/CODE_MANAGEMENT_CLEANUP_PLAN.md
DOCS_HOUSEKEEPING_MOVE_PLAN_BLOCKED.md,Documentation Housekeeping Move Plan - Blocked,2026-05-20 12:16,documentation/reference note,2026-05-20,Needs update,no obvious duplicate,developer-facing,65,MOVE_TO_ARCHIVE,Root-level historical report or compatibility redirect; not a current operator entry point. Contains stale or missing active-doc path references: Docs/architecture/DEPLOYABILITY_CHECKLIST.md; Docs/architecture/TAURI_WEBVIEW_PARITY_MATRIX.md; Docs/DesktopApp/README_MediaPipelineRemuxEncodeAIO_DesktopApp.md; Docs/DesktopApp/docs/FEATURE_OUTLINE_AND_SOFTWARE_COMPARISON.md
DOCS_HOUSEKEEPING_POST_MOVE_REPORT.md,Docs Housekeeping Post-Move Report,2026-05-20 12:16,documentation/reference note,"V6, 2026-05-20",Needs update,no obvious duplicate,developer-facing,65,MOVE_TO_ARCHIVE,Root-level historical report or compatibility redirect; not a current operator entry point. Contains stale or missing active-doc path references: Docs/proposals/CODE_MANAGEMENT_CLEANUP_PLAN.md; Docs/architecture/DEPLOYABILITY_CHECKLIST.md; Docs/architecture/TAURI_WEBVIEW_PARITY_MATRIX.md; Docs/DesktopApp/README_MediaPipelineRemuxEncodeAIO_DesktopApp.md; ...
Docs/ui/V6_TAB_WORKFLOW_REDESIGN_EXECUTION_PLAN.md,V6 Tab Workflow Redesign Execution Plan,2026-05-20 12:16,UI design or workflow planning,"V6, V4, 2026-05-20",Current,no obvious duplicate,developer-facing,62,KEEP_AS_CANONICAL,UI planning/reference material; keep active only while current.
Docs/DesktopApp/docs/V5_UI_DESIGN_REFERENCE.md,V5 UI Design Reference,2026-05-20 12:16,documentation/reference note,"V5, V6",Needs human review,no obvious duplicate,developer-facing,60,KEEP_AS_CANONICAL,Active documentation with some ongoing reference value. Active filename is V5-labeled; content may still be useful but naming should be reviewed after V6 settles.
Docs/ACTIVE_FIX_CHECKLIST.md,Active Fix Checklist,2026-05-20 12:16,documentation/reference note,2026-05-20,Current,same title as Docs/archive/docs-housekeeping/2026-05-20-review/archive-historical/Docs/archive/historical-plans/ACTIVE_FIX_CHECKLIST_20260520_ARCHIVED.md,developer-facing,55,KEEP_AS_CANONICAL,Active documentation with some ongoing reference value. Duplicate/supersession signal: same title as Docs/archive/docs-housekeeping/2026-05-20-review/archive-historical/Docs/archive/historical-plans/ACTIVE_FIX_CHECKLIST_20260520_ARCHIVED.md
Docs/DesktopApp/docs/README.md,MediaPipelineRemuxEncodeAIO V6 WebView Notes,2026-05-20 12:16,README or setup/navigation document,V6,Current,same filename as DesktopApp/tauri_shell/README.md; SmokeTests/README.md,developer-facing,55,KEEP_AS_CANONICAL,Active documentation with some ongoing reference value. Duplicate/supersession signal: same filename as DesktopApp/tauri_shell/README.md; SmokeTests/README.md
Pipeline/PowerShell-7.6.0-win-x64/en-US/default.help.txt,TOPIC,2026-05-20 12:16,documentation/reference note,not stated,Current,no obvious duplicate,developer-facing,55,KEEP_AS_CANONICAL,Active documentation with some ongoing reference value.
Pipeline/PowerShell-7.6.0-win-x64/Modules/Microsoft.PowerShell.PSResourceGet/Notice.txt,NOTICES AND INFORMATION,2026-05-20 12:16,documentation/reference note,not stated,Current,same title as Pipeline/PowerShell-7.6.0-win-x64/Modules/Microsoft.PowerShell.ThreadJob/ThirdPartyNotices.txt; Pipeline/PowerShell-7.6.0-win-x64/ThirdPartyNotices.txt,developer-facing,55,KEEP_AS_CANONICAL,Active documentation with some ongoing reference value. Duplicate/supersession signal: same title as Pipeline/PowerShell-7.6.0-win-x64/Modules/Microsoft.PowerShell.ThreadJob/ThirdPartyNotices.txt; Pipeline/PowerShell-7.6.0-win-x64/ThirdPartyNotices.txt
Pipeline/PowerShell-7.6.0-win-x64/Modules/Microsoft.PowerShell.ThreadJob/ThirdPartyNotices.txt,NOTICES AND INFORMATION,2026-05-20 12:16,documentation/reference note,not stated,Current,same title as Pipeline/PowerShell-7.6.0-win-x64/Modules/Microsoft.PowerShell.PSResourceGet/Notice.txt; Pipeline/PowerShell-7.6.0-win-x64/ThirdPartyNotices.txt; same filename as Pipeline/PowerShell-7.6.0-win-x64/ThirdPartyNotices.txt,developer-facing,55,KEEP_AS_CANONICAL,Active documentation with some ongoing reference value. Duplicate/supersession signal: same title as Pipeline/PowerShell-7.6.0-win-x64/Modules/Microsoft.PowerShell.PSResourceGet/Notice.txt; Pipeline/PowerShell-7.6.0-win-x64/ThirdPartyNotices.txt; same filename as Pipeline/PowerShell-7.6.0-win-x64/ThirdPartyNotices.txt
Pipeline/PowerShell-7.6.0-win-x64/Modules/PSReadLine/Changes.txt,[2.4.5] - 2025-10-22,2026-05-20 12:16,documentation/reference note,"V3, V5",Current,no obvious duplicate,developer-facing,55,KEEP_AS_CANONICAL,Active documentation with some ongoing reference value.
Pipeline/PowerShell-7.6.0-win-x64/ThirdPartyNotices.txt,NOTICES AND INFORMATION,2026-05-20 12:16,documentation/reference note,V3,Current,same title as Pipeline/PowerShell-7.6.0-win-x64/Modules/Microsoft.PowerShell.PSResourceGet/Notice.txt; Pipeline/PowerShell-7.6.0-win-x64/Modules/Microsoft.PowerShell.ThreadJob/ThirdPartyNotices.txt; same filename as Pipeline/PowerShell-7.6.0-win-x64/Modules/Microsoft.PowerShell.ThreadJob/ThirdPartyNotices.txt,developer-facing,55,KEEP_AS_CANONICAL,Active documentation with some ongoing reference value. Duplicate/supersession signal: same title as Pipeline/PowerShell-7.6.0-win-x64/Modules/Microsoft.PowerShell.PSResourceGet/Notice.txt; Pipeline/PowerShell-7.6.0-win-x64/Modules/Microsoft.PowerShell.ThreadJob/ThirdPartyNotices.txt; same filename as Pipeline/PowerShell-7.6.0-win-x64/Modules/Microsoft.PowerShell.ThreadJob/ThirdPartyNotices.txt
CODE_REVIEW_V5_WEBVIEW_TAURI_AUDIT.md,CODE_REVIEW_V5_WEBVIEW_TAURI_AUDIT,2026-05-20 12:16,audit result or review output,"V6, V5, V3, V4, PG-3",Superseded/root-sprawl candidate,no obvious duplicate,developer-facing,45,MOVE_TO_ARCHIVE,Root-level historical report or compatibility redirect; not a current operator entry point.
V5_TRANSITION_REVIEW_FIX_CHECKLIST.md,V5 Transition Review Fix Checklist,2026-05-20 12:16,documentation/reference note,"V5, 2026-05-20",Superseded/root-sprawl candidate,same title as Docs/archive/docs-housekeeping/2026-05-20-review/archive-historical/Docs/archive/historical-plans/V5_TRANSITION_REVIEW_FIX_CHECKLIST_20260520_ARCHIVED.md,developer-facing,45,MOVE_TO_ARCHIVE,Root-level historical report or compatibility redirect; not a current operator entry point. Duplicate/supersession signal: same title as Docs/archive/docs-housekeeping/2026-05-20-review/archive-historical/Docs/archive/historical-plans/V5_TRANSITION_REVIEW_FIX_CHECKLIST_20260520_ARCHIVED.md
DesktopApp/Runtime/Python/Lib/email/architecture.rst,:mod:`email` Package Architecture,2026-05-20 12:16,runtime/tool placeholder or dependency text,not stated,Current dependency/package material,no obvious duplicate,developer-facing,40,KEEP_AS_CANONICAL,"Runtime, tool, or dependency placeholder/license text; do not delete through docs cleanup."
DesktopApp/Runtime/Python/Lib/idlelib/CREDITS.txt,"Guido van Rossum, as well as being the creator of the Python language, is the",2026-05-20 12:16,runtime/tool placeholder or dependency text,not stated,Current dependency/package material,no obvious duplicate,developer-facing,40,KEEP_AS_CANONICAL,"Runtime, tool, or dependency placeholder/license text; do not delete through docs cleanup."
DesktopApp/Runtime/Python/Lib/idlelib/extend.txt,Writing an IDLE extension,2026-05-20 12:16,runtime/tool placeholder or dependency text,not stated,Current dependency/package material,no obvious duplicate,developer-facing,40,KEEP_AS_CANONICAL,"Runtime, tool, or dependency placeholder/license text; do not delete through docs cleanup."
DesktopApp/Runtime/Python/Lib/idlelib/HISTORY.txt,IDLE History,2026-05-20 12:16,runtime/tool placeholder or dependency text,not stated,Current dependency/package material,no obvious duplicate,developer-facing,40,KEEP_AS_CANONICAL,"Runtime, tool, or dependency placeholder/license text; do not delete through docs cleanup."
DesktopApp/Runtime/Python/Lib/idlelib/Icons/README.txt,IDLE-PYTHON LOGOS,2026-05-20 12:16,README or setup/navigation document,not stated,Current dependency/package material,same filename as DesktopApp/Runtime/Python/Lib/idlelib/idle_test/README.txt; DesktopApp/Runtime/Python/Lib/idlelib/README.txt; DesktopApp/Runtime/Python/Lib/site-packages/README.txt,developer-facing,40,KEEP_AS_CANONICAL,"Runtime, tool, or dependency placeholder/license text; do not delete through docs cleanup. Duplicate/supersession signal: same filename as DesktopApp/Runtime/Python/Lib/idlelib/idle_test/README.txt; DesktopApp/Runtime/Python/Lib/idlelib/README.txt; DesktopApp/Runtime/Python/Lib/site-packages/README.txt"
DesktopApp/Runtime/Python/Lib/idlelib/idle_test/README.txt,README FOR IDLE TESTS IN IDLELIB.IDLE_TEST,2026-05-20 12:16,README or setup/navigation document,not stated,Current dependency/package material,same filename as DesktopApp/Runtime/Python/Lib/idlelib/Icons/README.txt; DesktopApp/Runtime/Python/Lib/idlelib/README.txt; DesktopApp/Runtime/Python/Lib/site-packages/README.txt,developer-facing,40,KEEP_AS_CANONICAL,"Runtime, tool, or dependency placeholder/license text; do not delete through docs cleanup. Duplicate/supersession signal: same filename as DesktopApp/Runtime/Python/Lib/idlelib/Icons/README.txt; DesktopApp/Runtime/Python/Lib/idlelib/README.txt; DesktopApp/Runtime/Python/Lib/site-packages/README.txt"
DesktopApp/Runtime/Python/Lib/idlelib/NEWS2x.txt,What's New in IDLE 2.7? (Merged into 3.1 before 2.7 release.),2026-05-20 12:16,runtime/tool placeholder or dependency text,not stated,Current dependency/package material,no obvious duplicate,developer-facing,40,KEEP_AS_CANONICAL,"Runtime, tool, or dependency placeholder/license text; do not delete through docs cleanup."
DesktopApp/Runtime/Python/Lib/idlelib/News3.txt,What's New in IDLE 3.12.z,2026-05-20 12:16,runtime/tool placeholder or dependency text,not stated,Current dependency/package material,no obvious duplicate,developer-facing,40,KEEP_AS_CANONICAL,"Runtime, tool, or dependency placeholder/license text; do not delete through docs cleanup."
DesktopApp/Runtime/Python/Lib/idlelib/README.txt,README.txt: an index to idlelib files and the IDLE menu.,2026-05-20 12:16,README or setup/navigation document,not stated,Current dependency/package material,same filename as DesktopApp/Runtime/Python/Lib/idlelib/Icons/README.txt; DesktopApp/Runtime/Python/Lib/idlelib/idle_test/README.txt; DesktopApp/Runtime/Python/Lib/site-packages/README.txt,developer-facing,40,KEEP_AS_CANONICAL,"Runtime, tool, or dependency placeholder/license text; do not delete through docs cleanup. Duplicate/supersession signal: same filename as DesktopApp/Runtime/Python/Lib/idlelib/Icons/README.txt; DesktopApp/Runtime/Python/Lib/idlelib/idle_test/README.txt; DesktopApp/Runtime/Python/Lib/site-packages/README.txt"
DesktopApp/Runtime/Python/Lib/idlelib/TODO.txt,"Original IDLE todo, much of it now outdated:",2026-05-20 12:16,runtime/tool placeholder or dependency text,not stated,Current dependency/package material,no obvious duplicate,developer-facing,40,KEEP_AS_CANONICAL,"Runtime, tool, or dependency placeholder/license text; do not delete through docs cleanup."
DesktopApp/Runtime/Python/Lib/lib2to3/Grammar.txt,Grammar for 2to3. This grammar supports Python 2.x and 3.x.,2026-05-20 12:16,runtime/tool placeholder or dependency text,not stated,Current dependency/package material,no obvious duplicate,developer-facing,40,KEEP_AS_CANONICAL,"Runtime, tool, or dependency placeholder/license text; do not delete through docs cleanup."
DesktopApp/Runtime/Python/Lib/lib2to3/PatternGrammar.txt,"Copyright 2006 Google, Inc. All Rights Reserved.",2026-05-20 12:16,runtime/tool placeholder or dependency text,not stated,Current dependency/package material,no obvious duplicate,developer-facing,40,KEEP_AS_CANONICAL,"Runtime, tool, or dependency placeholder/license text; do not delete through docs cleanup."
DesktopApp/Runtime/Python/Lib/site-packages/colorama-0.4.6.dist-info/licenses/LICENSE.txt,Copyright (c) 2010 Jonathan Hartley,2026-05-20 12:16,runtime/tool placeholder or dependency text,not stated,Current dependency/package material,same filename as DesktopApp/Runtime/Python/Lib/site-packages/pip-25.0.1.dist-info/LICENSE.txt; DesktopApp/Runtime/Python/Lib/site-packages/pysubs2-1.8.1.dist-info/licenses/LICENSE.txt; DesktopApp/Runtime/Python/LICENSE.txt,developer-facing,40,KEEP_AS_CANONICAL,"Runtime, tool, or dependency placeholder/license text; do not delete through docs cleanup. Duplicate/supersession signal: same filename as DesktopApp/Runtime/Python/Lib/site-packages/pip-25.0.1.dist-info/LICENSE.txt; DesktopApp/Runtime/Python/Lib/site-packages/pysubs2-1.8.1.dist-info/licenses/LICENSE.txt; DesktopApp/Runtime/Python/LICENSE.txt"
DesktopApp/Runtime/Python/Lib/site-packages/darkdetect-0.8.0.dist-info/top_level.txt,darkdetect,2026-05-20 12:16,runtime/tool placeholder or dependency text,not stated,Current dependency/package material,same filename as DesktopApp/Runtime/Python/Lib/site-packages/iniconfig-2.3.0.dist-info/top_level.txt; DesktopApp/Runtime/Python/Lib/site-packages/pip-25.0.1.dist-info/top_level.txt; DesktopApp/Runtime/Python/Lib/site-packages/pluggy-1.6.0.dist-info/top_level.txt,developer-facing,40,KEEP_AS_CANONICAL,"Runtime, tool, or dependency placeholder/license text; do not delete through docs cleanup. Duplicate/supersession signal: same filename as DesktopApp/Runtime/Python/Lib/site-packages/iniconfig-2.3.0.dist-info/top_level.txt; DesktopApp/Runtime/Python/Lib/site-packages/pip-25.0.1.dist-info/top_level.txt; DesktopApp/Runtime/Python/Lib/site-packages/pluggy-1.6.0.dist-info/top_level.txt"
DesktopApp/Runtime/Python/Lib/site-packages/iniconfig-2.3.0.dist-info/top_level.txt,iniconfig,2026-05-20 12:16,runtime/tool placeholder or dependency text,not stated,Current dependency/package material,same filename as DesktopApp/Runtime/Python/Lib/site-packages/darkdetect-0.8.0.dist-info/top_level.txt; DesktopApp/Runtime/Python/Lib/site-packages/pip-25.0.1.dist-info/top_level.txt; DesktopApp/Runtime/Python/Lib/site-packages/pluggy-1.6.0.dist-info/top_level.txt,developer-facing,40,KEEP_AS_CANONICAL,"Runtime, tool, or dependency placeholder/license text; do not delete through docs cleanup. Duplicate/supersession signal: same filename as DesktopApp/Runtime/Python/Lib/site-packages/darkdetect-0.8.0.dist-info/top_level.txt; DesktopApp/Runtime/Python/Lib/site-packages/pip-25.0.1.dist-info/top_level.txt; DesktopApp/Runtime/Python/Lib/site-packages/pluggy-1.6.0.dist-info/top_level.txt"
DesktopApp/Runtime/Python/Lib/site-packages/pip-25.0.1.dist-info/AUTHORS.txt,@Switch01,2026-05-20 12:16,runtime/tool placeholder or dependency text,not stated,Current dependency/package material,no obvious duplicate,developer-facing,40,KEEP_AS_CANONICAL,"Runtime, tool, or dependency placeholder/license text; do not delete through docs cleanup."
DesktopApp/Runtime/Python/Lib/site-packages/pip-25.0.1.dist-info/entry_points.txt,[console_scripts],2026-05-20 12:16,runtime/tool placeholder or dependency text,not stated,Current dependency/package material,same title as DesktopApp/Runtime/Python/Lib/site-packages/pygments-2.20.0.dist-info/entry_points.txt; DesktopApp/Runtime/Python/Lib/site-packages/pysubs2-1.8.1.dist-info/entry_points.txt; DesktopApp/Runtime/Python/Lib/site-packages/pytest-9.0.3.dist-info/entry_points.txt; same filename as DesktopApp/Runtime/Python/Lib/site-packages/pygments-2.20.0.dist-info/entry_points.txt; DesktopApp/Runtime/Python/Lib/site-packages/pysubs2-1.8.1.dist-info/entry_points.txt; DesktopApp/Runtime/Python/Lib/site-packages/pytest-9.0.3.dist-info/entry_points.txt,developer-facing,40,KEEP_AS_CANONICAL,"Runtime, tool, or dependency placeholder/license text; do not delete through docs cleanup. Duplicate/supersession signal: same title as DesktopApp/Runtime/Python/Lib/site-packages/pygments-2.20.0.dist-info/entry_points.txt; DesktopApp/Runtime/Python/Lib/site-packages/pysubs2-1.8.1.dist-info/entry_points.txt; DesktopApp/Runtime/Python/Lib/site-packages/pytest-9.0.3.dist-info/entry_points.txt; same filename as DesktopApp/Runtime/Python/Lib/site-packages/pygments-2.20.0.dist-info/entry_points.txt; DesktopApp/Runtime/Python/Lib/site-packages/pysubs2-1.8.1.dist-info/entry_points.txt; DesktopApp/Runtime/Python/Lib/site-packages/pytest-9.0.3.dist-info/entry_points.txt"
DesktopApp/Runtime/Python/Lib/site-packages/pip-25.0.1.dist-info/LICENSE.txt,Copyright (c) 2008-present The pip developers (see AUTHORS.txt file),2026-05-20 12:16,runtime/tool placeholder or dependency text,not stated,Current dependency/package material,same filename as DesktopApp/Runtime/Python/Lib/site-packages/colorama-0.4.6.dist-info/licenses/LICENSE.txt; DesktopApp/Runtime/Python/Lib/site-packages/pysubs2-1.8.1.dist-info/licenses/LICENSE.txt; DesktopApp/Runtime/Python/LICENSE.txt,developer-facing,40,KEEP_AS_CANONICAL,"Runtime, tool, or dependency placeholder/license text; do not delete through docs cleanup. Duplicate/supersession signal: same filename as DesktopApp/Runtime/Python/Lib/site-packages/colorama-0.4.6.dist-info/licenses/LICENSE.txt; DesktopApp/Runtime/Python/Lib/site-packages/pysubs2-1.8.1.dist-info/licenses/LICENSE.txt; DesktopApp/Runtime/Python/LICENSE.txt"
DesktopApp/Runtime/Python/Lib/site-packages/pip-25.0.1.dist-info/top_level.txt,pip,2026-05-20 12:16,runtime/tool placeholder or dependency text,not stated,Current dependency/package material,same filename as DesktopApp/Runtime/Python/Lib/site-packages/darkdetect-0.8.0.dist-info/top_level.txt; DesktopApp/Runtime/Python/Lib/site-packages/iniconfig-2.3.0.dist-info/top_level.txt; DesktopApp/Runtime/Python/Lib/site-packages/pluggy-1.6.0.dist-info/top_level.txt,developer-facing,40,KEEP_AS_CANONICAL,"Runtime, tool, or dependency placeholder/license text; do not delete through docs cleanup. Duplicate/supersession signal: same filename as DesktopApp/Runtime/Python/Lib/site-packages/darkdetect-0.8.0.dist-info/top_level.txt; DesktopApp/Runtime/Python/Lib/site-packages/iniconfig-2.3.0.dist-info/top_level.txt; DesktopApp/Runtime/Python/Lib/site-packages/pluggy-1.6.0.dist-info/top_level.txt"
DesktopApp/Runtime/Python/Lib/site-packages/pip/_vendor/vendor.txt,CacheControl==0.14.1,2026-05-20 12:16,runtime/tool placeholder or dependency text,not stated,Current dependency/package material,no obvious duplicate,developer-facing,40,KEEP_AS_CANONICAL,"Runtime, tool, or dependency placeholder/license text; do not delete through docs cleanup."
DesktopApp/Runtime/Python/Lib/site-packages/pluggy-1.6.0.dist-info/top_level.txt,pluggy,2026-05-20 12:16,runtime/tool placeholder or dependency text,not stated,Current dependency/package material,same filename as DesktopApp/Runtime/Python/Lib/site-packages/darkdetect-0.8.0.dist-info/top_level.txt; DesktopApp/Runtime/Python/Lib/site-packages/iniconfig-2.3.0.dist-info/top_level.txt; DesktopApp/Runtime/Python/Lib/site-packages/pip-25.0.1.dist-info/top_level.txt,developer-facing,40,KEEP_AS_CANONICAL,"Runtime, tool, or dependency placeholder/license text; do not delete through docs cleanup. Duplicate/supersession signal: same filename as DesktopApp/Runtime/Python/Lib/site-packages/darkdetect-0.8.0.dist-info/top_level.txt; DesktopApp/Runtime/Python/Lib/site-packages/iniconfig-2.3.0.dist-info/top_level.txt; DesktopApp/Runtime/Python/Lib/site-packages/pip-25.0.1.dist-info/top_level.txt"
DesktopApp/Runtime/Python/Lib/site-packages/psutil-7.2.2.dist-info/top_level.txt,psutil,2026-05-20 12:16,runtime/tool placeholder or dependency text,not stated,Current dependency/package material,same filename as DesktopApp/Runtime/Python/Lib/site-packages/darkdetect-0.8.0.dist-info/top_level.txt; DesktopApp/Runtime/Python/Lib/site-packages/iniconfig-2.3.0.dist-info/top_level.txt; DesktopApp/Runtime/Python/Lib/site-packages/pip-25.0.1.dist-info/top_level.txt,developer-facing,40,KEEP_AS_CANONICAL,"Runtime, tool, or dependency placeholder/license text; do not delete through docs cleanup. Duplicate/supersession signal: same filename as DesktopApp/Runtime/Python/Lib/site-packages/darkdetect-0.8.0.dist-info/top_level.txt; DesktopApp/Runtime/Python/Lib/site-packages/iniconfig-2.3.0.dist-info/top_level.txt; DesktopApp/Runtime/Python/Lib/site-packages/pip-25.0.1.dist-info/top_level.txt"
DesktopApp/Runtime/Python/Lib/site-packages/pygments-2.20.0.dist-info/entry_points.txt,[console_scripts],2026-05-20 12:16,runtime/tool placeholder or dependency text,not stated,Current dependency/package material,same title as DesktopApp/Runtime/Python/Lib/site-packages/pip-25.0.1.dist-info/entry_points.txt; DesktopApp/Runtime/Python/Lib/site-packages/pysubs2-1.8.1.dist-info/entry_points.txt; DesktopApp/Runtime/Python/Lib/site-packages/pytest-9.0.3.dist-info/entry_points.txt; same filename as DesktopApp/Runtime/Python/Lib/site-packages/pip-25.0.1.dist-info/entry_points.txt; DesktopApp/Runtime/Python/Lib/site-packages/pysubs2-1.8.1.dist-info/entry_points.txt; DesktopApp/Runtime/Python/Lib/site-packages/pytest-9.0.3.dist-info/entry_points.txt,developer-facing,40,KEEP_AS_CANONICAL,"Runtime, tool, or dependency placeholder/license text; do not delete through docs cleanup. Duplicate/supersession signal: same title as DesktopApp/Runtime/Python/Lib/site-packages/pip-25.0.1.dist-info/entry_points.txt; DesktopApp/Runtime/Python/Lib/site-packages/pysubs2-1.8.1.dist-info/entry_points.txt; DesktopApp/Runtime/Python/Lib/site-packages/pytest-9.0.3.dist-info/entry_points.txt; same filename as DesktopApp/Runtime/Python/Lib/site-packages/pip-25.0.1.dist-info/entry_points.txt; DesktopApp/Runtime/Python/Lib/site-packages/pysubs2-1.8.1.dist-info/entry_points.txt; DesktopApp/Runtime/Python/Lib/site-packages/pytest-9.0.3.dist-info/entry_points.txt"
DesktopApp/Runtime/Python/Lib/site-packages/pysubs2-1.8.1.dist-info/entry_points.txt,[console_scripts],2026-05-20 12:16,runtime/tool placeholder or dependency text,not stated,Current dependency/package material,same title as DesktopApp/Runtime/Python/Lib/site-packages/pip-25.0.1.dist-info/entry_points.txt; DesktopApp/Runtime/Python/Lib/site-packages/pygments-2.20.0.dist-info/entry_points.txt; DesktopApp/Runtime/Python/Lib/site-packages/pytest-9.0.3.dist-info/entry_points.txt; same filename as DesktopApp/Runtime/Python/Lib/site-packages/pip-25.0.1.dist-info/entry_points.txt; DesktopApp/Runtime/Python/Lib/site-packages/pygments-2.20.0.dist-info/entry_points.txt; DesktopApp/Runtime/Python/Lib/site-packages/pytest-9.0.3.dist-info/entry_points.txt,developer-facing,40,KEEP_AS_CANONICAL,"Runtime, tool, or dependency placeholder/license text; do not delete through docs cleanup. Duplicate/supersession signal: same title as DesktopApp/Runtime/Python/Lib/site-packages/pip-25.0.1.dist-info/entry_points.txt; DesktopApp/Runtime/Python/Lib/site-packages/pygments-2.20.0.dist-info/entry_points.txt; DesktopApp/Runtime/Python/Lib/site-packages/pytest-9.0.3.dist-info/entry_points.txt; same filename as DesktopApp/Runtime/Python/Lib/site-packages/pip-25.0.1.dist-info/entry_points.txt; DesktopApp/Runtime/Python/Lib/site-packages/pygments-2.20.0.dist-info/entry_points.txt; DesktopApp/Runtime/Python/Lib/site-packages/pytest-9.0.3.dist-info/entry_points.txt"
DesktopApp/Runtime/Python/Lib/site-packages/pysubs2-1.8.1.dist-info/licenses/LICENSE.txt,Copyright (c) 2014-2026 Tomas Karabela,2026-05-20 12:16,runtime/tool placeholder or dependency text,not stated,Current dependency/package material,same filename as DesktopApp/Runtime/Python/Lib/site-packages/colorama-0.4.6.dist-info/licenses/LICENSE.txt; DesktopApp/Runtime/Python/Lib/site-packages/pip-25.0.1.dist-info/LICENSE.txt; DesktopApp/Runtime/Python/LICENSE.txt,developer-facing,40,KEEP_AS_CANONICAL,"Runtime, tool, or dependency placeholder/license text; do not delete through docs cleanup. Duplicate/supersession signal: same filename as DesktopApp/Runtime/Python/Lib/site-packages/colorama-0.4.6.dist-info/licenses/LICENSE.txt; DesktopApp/Runtime/Python/Lib/site-packages/pip-25.0.1.dist-info/LICENSE.txt; DesktopApp/Runtime/Python/LICENSE.txt"
DesktopApp/Runtime/Python/Lib/site-packages/pytest-9.0.3.dist-info/entry_points.txt,[console_scripts],2026-05-20 12:16,runtime/tool placeholder or dependency text,not stated,Current dependency/package material,same title as DesktopApp/Runtime/Python/Lib/site-packages/pip-25.0.1.dist-info/entry_points.txt; DesktopApp/Runtime/Python/Lib/site-packages/pygments-2.20.0.dist-info/entry_points.txt; DesktopApp/Runtime/Python/Lib/site-packages/pysubs2-1.8.1.dist-info/entry_points.txt; same filename as DesktopApp/Runtime/Python/Lib/site-packages/pip-25.0.1.dist-info/entry_points.txt; DesktopApp/Runtime/Python/Lib/site-packages/pygments-2.20.0.dist-info/entry_points.txt; DesktopApp/Runtime/Python/Lib/site-packages/pysubs2-1.8.1.dist-info/entry_points.txt,developer-facing,40,KEEP_AS_CANONICAL,"Runtime, tool, or dependency placeholder/license text; do not delete through docs cleanup. Duplicate/supersession signal: same title as DesktopApp/Runtime/Python/Lib/site-packages/pip-25.0.1.dist-info/entry_points.txt; DesktopApp/Runtime/Python/Lib/site-packages/pygments-2.20.0.dist-info/entry_points.txt; DesktopApp/Runtime/Python/Lib/site-packages/pysubs2-1.8.1.dist-info/entry_points.txt; same filename as DesktopApp/Runtime/Python/Lib/site-packages/pip-25.0.1.dist-info/entry_points.txt; DesktopApp/Runtime/Python/Lib/site-packages/pygments-2.20.0.dist-info/entry_points.txt; DesktopApp/Runtime/Python/Lib/site-packages/pysubs2-1.8.1.dist-info/entry_points.txt"
DesktopApp/Runtime/Python/Lib/site-packages/pytest-9.0.3.dist-info/top_level.txt,_pytest,2026-05-20 12:16,runtime/tool placeholder or dependency text,not stated,Current dependency/package material,same filename as DesktopApp/Runtime/Python/Lib/site-packages/darkdetect-0.8.0.dist-info/top_level.txt; DesktopApp/Runtime/Python/Lib/site-packages/iniconfig-2.3.0.dist-info/top_level.txt; DesktopApp/Runtime/Python/Lib/site-packages/pip-25.0.1.dist-info/top_level.txt,developer-facing,40,KEEP_AS_CANONICAL,"Runtime, tool, or dependency placeholder/license text; do not delete through docs cleanup. Duplicate/supersession signal: same filename as DesktopApp/Runtime/Python/Lib/site-packages/darkdetect-0.8.0.dist-info/top_level.txt; DesktopApp/Runtime/Python/Lib/site-packages/iniconfig-2.3.0.dist-info/top_level.txt; DesktopApp/Runtime/Python/Lib/site-packages/pip-25.0.1.dist-info/top_level.txt"
DesktopApp/Runtime/Python/Lib/site-packages/README.txt,This directory exists so that 3rd party packages can be installed,2026-05-20 12:16,README or setup/navigation document,not stated,Current dependency/package material,same filename as DesktopApp/Runtime/Python/Lib/idlelib/Icons/README.txt; DesktopApp/Runtime/Python/Lib/idlelib/idle_test/README.txt; DesktopApp/Runtime/Python/Lib/idlelib/README.txt,developer-facing,40,KEEP_AS_CANONICAL,"Runtime, tool, or dependency placeholder/license text; do not delete through docs cleanup. Duplicate/supersession signal: same filename as DesktopApp/Runtime/Python/Lib/idlelib/Icons/README.txt; DesktopApp/Runtime/Python/Lib/idlelib/idle_test/README.txt; DesktopApp/Runtime/Python/Lib/idlelib/README.txt"
DesktopApp/Runtime/Python/LICENSE.txt,A. HISTORY OF THE SOFTWARE,2026-05-20 12:16,runtime/tool placeholder or dependency text,not stated,Current dependency/package material,same filename as DesktopApp/Runtime/Python/Lib/site-packages/colorama-0.4.6.dist-info/licenses/LICENSE.txt; DesktopApp/Runtime/Python/Lib/site-packages/pip-25.0.1.dist-info/LICENSE.txt; DesktopApp/Runtime/Python/Lib/site-packages/pysubs2-1.8.1.dist-info/licenses/LICENSE.txt,developer-facing,40,KEEP_AS_CANONICAL,"Runtime, tool, or dependency placeholder/license text; do not delete through docs cleanup. Duplicate/supersession signal: same filename as DesktopApp/Runtime/Python/Lib/site-packages/colorama-0.4.6.dist-info/licenses/LICENSE.txt; DesktopApp/Runtime/Python/Lib/site-packages/pip-25.0.1.dist-info/LICENSE.txt; DesktopApp/Runtime/Python/Lib/site-packages/pysubs2-1.8.1.dist-info/licenses/LICENSE.txt"
DesktopApp/Runtime/Python/README_portable_python_here.txt,Drop a portable Python runtime in this folder for the desktop app.,2026-05-20 12:16,README or setup/navigation document,not stated,Current dependency/package material,same filename as Pipeline/Runtime/Python/README_portable_python_here.txt,developer-facing,40,KEEP_AS_CANONICAL,"Runtime, tool, or dependency placeholder/license text; do not delete through docs cleanup. Duplicate/supersession signal: same filename as Pipeline/Runtime/Python/README_portable_python_here.txt"
DesktopApp/Runtime/Python/tcl/tix8.4.3/pref/WmDefault.txt,One of the bad things about Tk/Tkinter is that it does not pick up,2026-05-20 12:16,runtime/tool placeholder or dependency text,not stated,Current dependency/package material,no obvious duplicate,developer-facing,40,KEEP_AS_CANONICAL,"Runtime, tool, or dependency placeholder/license text; do not delete through docs cleanup."
Pipeline/PowerShell-7.6.0-win-x64/LICENSE.txt,Copyright (c) Microsoft Corporation.,2026-05-20 12:16,documentation/reference note,not stated,Current dependency/package material,same filename as DesktopApp/Runtime/Python/Lib/site-packages/colorama-0.4.6.dist-info/licenses/LICENSE.txt; DesktopApp/Runtime/Python/Lib/site-packages/pip-25.0.1.dist-info/LICENSE.txt; DesktopApp/Runtime/Python/Lib/site-packages/pysubs2-1.8.1.dist-info/licenses/LICENSE.txt,developer-facing,40,KEEP_AS_CANONICAL,"Runtime, tool, or dependency placeholder/license text; do not delete through docs cleanup. Duplicate/supersession signal: same filename as DesktopApp/Runtime/Python/Lib/site-packages/colorama-0.4.6.dist-info/licenses/LICENSE.txt; DesktopApp/Runtime/Python/Lib/site-packages/pip-25.0.1.dist-info/LICENSE.txt; DesktopApp/Runtime/Python/Lib/site-packages/pysubs2-1.8.1.dist-info/licenses/LICENSE.txt"
Pipeline/PowerShell-7.6.0-win-x64/Modules/PSReadLine/License.txt,"Copyright (c) 2013, Jason Shirk",2026-05-20 12:16,documentation/reference note,not stated,Current dependency/package material,same filename as DesktopApp/Runtime/Python/Lib/site-packages/colorama-0.4.6.dist-info/licenses/LICENSE.txt; DesktopApp/Runtime/Python/Lib/site-packages/pip-25.0.1.dist-info/LICENSE.txt; DesktopApp/Runtime/Python/Lib/site-packages/pysubs2-1.8.1.dist-info/licenses/LICENSE.txt,developer-facing,40,KEEP_AS_CANONICAL,"Runtime, tool, or dependency placeholder/license text; do not delete through docs cleanup. Duplicate/supersession signal: same filename as DesktopApp/Runtime/Python/Lib/site-packages/colorama-0.4.6.dist-info/licenses/LICENSE.txt; DesktopApp/Runtime/Python/Lib/site-packages/pip-25.0.1.dist-info/LICENSE.txt; DesktopApp/Runtime/Python/Lib/site-packages/pysubs2-1.8.1.dist-info/licenses/LICENSE.txt"
Pipeline/Runtime/Python/README_portable_python_here.txt,Drop a portable Python runtime in this folder if you want the pipeline to avoid relying on a system Python install.,2026-05-20 12:16,README or setup/navigation document,not stated,Current dependency/package material,same filename as DesktopApp/Runtime/Python/README_portable_python_here.txt,developer-facing,40,KEEP_AS_CANONICAL,"Runtime, tool, or dependency placeholder/license text; do not delete through docs cleanup. Duplicate/supersession signal: same filename as DesktopApp/Runtime/Python/README_portable_python_here.txt"
Pipeline/Tools/ffmpeg/bin/README_ffmpeg_here.txt,Drop ffmpeg in this folder.,2026-05-20 12:16,README or setup/navigation document,not stated,Current dependency/package material,no obvious duplicate,developer-facing,40,KEEP_AS_CANONICAL,"Runtime, tool, or dependency placeholder/license text; do not delete through docs cleanup."
Pipeline/Tools/MKVToolNix/doc/COPYING.txt,GNU GENERAL PUBLIC LICENSE,2026-05-20 12:16,runtime/tool placeholder or dependency text,not stated,Current dependency/package material,no obvious duplicate,developer-facing,40,KEEP_AS_CANONICAL,"Runtime, tool, or dependency placeholder/license text; do not delete through docs cleanup."
Pipeline/Tools/MKVToolNix/doc/licenses/Boost-1.0.txt,"Boost Software License - Version 1.0 - August 17th, 2003",2026-05-20 12:16,runtime/tool placeholder or dependency text,not stated,Current dependency/package material,no obvious duplicate,developer-facing,40,KEEP_AS_CANONICAL,"Runtime, tool, or dependency placeholder/license text; do not delete through docs cleanup."
Pipeline/Tools/MKVToolNix/doc/licenses/CC-BY-3.0.txt,Creative Commons Legal Code,2026-05-20 12:16,runtime/tool placeholder or dependency text,not stated,Current dependency/package material,no obvious duplicate,developer-facing,40,KEEP_AS_CANONICAL,"Runtime, tool, or dependency placeholder/license text; do not delete through docs cleanup."
Pipeline/Tools/MKVToolNix/doc/licenses/LGPL-2.1.txt,GNU LESSER GENERAL PUBLIC LICENSE,2026-05-20 12:16,runtime/tool placeholder or dependency text,not stated,Current dependency/package material,same title as Pipeline/Tools/MKVToolNix/doc/licenses/LGPL-3.0.txt,developer-facing,40,KEEP_AS_CANONICAL,"Runtime, tool, or dependency placeholder/license text; do not delete through docs cleanup. Duplicate/supersession signal: same title as Pipeline/Tools/MKVToolNix/doc/licenses/LGPL-3.0.txt"
Pipeline/Tools/MKVToolNix/doc/licenses/LGPL-3.0.txt,GNU LESSER GENERAL PUBLIC LICENSE,2026-05-20 12:16,runtime/tool placeholder or dependency text,not stated,Current dependency/package material,same title as Pipeline/Tools/MKVToolNix/doc/licenses/LGPL-2.1.txt,developer-facing,40,KEEP_AS_CANONICAL,"Runtime, tool, or dependency placeholder/license text; do not delete through docs cleanup. Duplicate/supersession signal: same title as Pipeline/Tools/MKVToolNix/doc/licenses/LGPL-2.1.txt"
Pipeline/Tools/MKVToolNix/doc/licenses/nlohmann-json-MIT.txt,MIT License,2026-05-20 12:16,runtime/tool placeholder or dependency text,not stated,Current dependency/package material,same title as Pipeline/Tools/MKVToolNix/doc/licenses/pugixml-MIT.txt,developer-facing,40,KEEP_AS_CANONICAL,"Runtime, tool, or dependency placeholder/license text; do not delete through docs cleanup. Duplicate/supersession signal: same title as Pipeline/Tools/MKVToolNix/doc/licenses/pugixml-MIT.txt"
Pipeline/Tools/MKVToolNix/doc/licenses/pugixml-MIT.txt,MIT License,2026-05-20 12:16,runtime/tool placeholder or dependency text,not stated,Current dependency/package material,same title as Pipeline/Tools/MKVToolNix/doc/licenses/nlohmann-json-MIT.txt,developer-facing,40,KEEP_AS_CANONICAL,"Runtime, tool, or dependency placeholder/license text; do not delete through docs cleanup. Duplicate/supersession signal: same title as Pipeline/Tools/MKVToolNix/doc/licenses/nlohmann-json-MIT.txt"
Pipeline/Tools/MKVToolNix/doc/licenses/QtWaitingSpinner-MIT.txt,The MIT License (MIT),2026-05-20 12:16,runtime/tool placeholder or dependency text,not stated,Current dependency/package material,no obvious duplicate,developer-facing,40,KEEP_AS_CANONICAL,"Runtime, tool, or dependency placeholder/license text; do not delete through docs cleanup."
Pipeline/Tools/MKVToolNix/doc/NEWS.txt,"Version 98.0 ""Chonks"" 2026-04-05",2026-05-20 12:16,runtime/tool placeholder or dependency text,"V3, V5, V4, V6, 6.0.0",Current dependency/package material,no obvious duplicate,developer-facing,40,KEEP_AS_CANONICAL,"Runtime, tool, or dependency placeholder/license text; do not delete through docs cleanup."
Pipeline/Tools/MKVToolNix/doc/README.txt,Table of contents,2026-05-20 12:16,README or setup/navigation document,"V6, V3",Current dependency/package material,same filename as DesktopApp/Runtime/Python/Lib/idlelib/Icons/README.txt; DesktopApp/Runtime/Python/Lib/idlelib/idle_test/README.txt; DesktopApp/Runtime/Python/Lib/idlelib/README.txt,developer-facing,40,KEEP_AS_CANONICAL,"Runtime, tool, or dependency placeholder/license text; do not delete through docs cleanup. Duplicate/supersession signal: same filename as DesktopApp/Runtime/Python/Lib/idlelib/Icons/README.txt; DesktopApp/Runtime/Python/Lib/idlelib/idle_test/README.txt; DesktopApp/Runtime/Python/Lib/idlelib/README.txt"
Pipeline/Tools/MKVToolNix/examples/example-timestamps-v1.txt,timestamp format v1,2026-05-20 12:16,runtime/tool placeholder or dependency text,not stated,Current dependency/package material,no obvious duplicate,developer-facing,40,KEEP_AS_CANONICAL,"Runtime, tool, or dependency placeholder/license text; do not delete through docs cleanup."
Pipeline/Tools/MKVToolNix/examples/example-timestamps-v2.txt,timestamp format v2,2026-05-20 12:16,runtime/tool placeholder or dependency text,not stated,Current dependency/package material,no obvious duplicate,developer-facing,40,KEEP_AS_CANONICAL,"Runtime, tool, or dependency placeholder/license text; do not delete through docs cleanup."
Pipeline/Tools/MKVToolNix/README_mkvtoolnix_here.txt,Drop MKVToolNix in this folder.,2026-05-20 12:16,README or setup/navigation document,not stated,Current dependency/package material,no obvious duplicate,developer-facing,40,KEEP_AS_CANONICAL,"Runtime, tool, or dependency placeholder/license text; do not delete through docs cleanup."
Docs/archive/docs-housekeeping/2026-05-20-review/consolidated-after-extraction/Docs/architecture/DEPLOYABILITY_CHECKLIST.md,MediaPipelineRemuxEncodeAIO V5 Deployability Checklist,2026-05-20 12:16,archived historical/quarantine documentation,"V5, PG-3, 2026-05-18",Superseded after extraction,no obvious duplicate,historical/archive-only,35,MERGE_INTO_CANONICAL,"Already archived; useful only as historical evidence, rollback context, or prior audit trail. Useful content has been or should be represented in active canonical docs."
Docs/archive/docs-housekeeping/2026-05-20-review/consolidated-after-extraction/Docs/architecture/TAURI_WEBVIEW_PARITY_MATRIX.md,Tauri/WebView2 Daily-Use Parity Matrix,2026-05-20 12:16,archived historical/quarantine documentation,"V5, 2026-05-14, 2026-05-15",Superseded after extraction,no obvious duplicate,historical/archive-only,35,MERGE_INTO_CANONICAL,"Already archived; useful only as historical evidence, rollback context, or prior audit trail. Useful content has been or should be represented in active canonical docs."
Docs/archive/docs-housekeeping/2026-05-20-review/consolidated-after-extraction/Docs/DesktopApp/docs/FEATURE_OUTLINE_AND_SOFTWARE_COMPARISON.md,MediaPipelineRemuxEncodeAIO V5 Feature Outline,2026-05-20 12:16,archived historical/quarantine documentation,"V5, V4",Superseded after extraction,no obvious duplicate,historical/archive-only,35,MERGE_INTO_CANONICAL,"Already archived; useful only as historical evidence, rollback context, or prior audit trail. Useful content has been or should be represented in active canonical docs."
Docs/archive/docs-housekeeping/2026-05-20-review/consolidated-after-extraction/Docs/DesktopApp/README_MediaPipelineRemuxEncodeAIO_DesktopApp.md,MediaPipelineRemuxEncodeAIO Desktop App,2026-05-20 12:16,archived historical/quarantine documentation,V5,Superseded after extraction,no obvious duplicate,historical/archive-only,35,MERGE_INTO_CANONICAL,"Already archived; useful only as historical evidence, rollback context, or prior audit trail. Useful content has been or should be represented in active canonical docs."
Docs/archive/docs-housekeeping/2026-05-20-review/consolidated-after-extraction/HOUSEKEEPING_REVIEW.md,HOUSEKEEPING REVIEW,2026-05-20 12:16,archived historical/quarantine documentation,"V5, V4, Wave B, 2026-05-19, 2026-05-20",Superseded after extraction,no obvious duplicate,historical/archive-only,35,MERGE_INTO_CANONICAL,"Already archived; useful only as historical evidence, rollback context, or prior audit trail. Useful content has been or should be represented in active canonical docs."
Docs/archive/docs-housekeeping/2026-05-20-review/archive-historical/Docs/archive/admin-audits/BROWSER_SMOKE_CATALOG_SORT_FINDINGS.md,Browser Smoke Ordering and Catalog Sort Findings,2026-05-20 12:16,archived historical/quarantine documentation,2026-05-14,Historical/archive-only,no obvious duplicate,historical/archive-only,25,MOVE_TO_ARCHIVE,"Already archived; useful only as historical evidence, rollback context, or prior audit trail."
Docs/archive/docs-housekeeping/2026-05-20-review/archive-historical/Docs/archive/admin-audits/CHANGELOG_NAVIGATION_HEALTH_REVIEW.md,Changelog Navigation Health Review,2026-05-20 12:16,archived historical/quarantine documentation,"2026-05-14, 2026-05-08, 2026-05-10, 2026-05-11, 2026-05-12",Historical/archive-only,no obvious duplicate,historical/archive-only,25,MOVE_TO_ARCHIVE,"Already archived; useful only as historical evidence, rollback context, or prior audit trail."
Docs/archive/docs-housekeeping/2026-05-20-review/archive-historical/Docs/archive/admin-audits/COMMAND_HISTORY_OWNER_COVERAGE_AUDIT.md,Command History Owner Coverage Audit,2026-05-20 12:16,archived historical/quarantine documentation,2026-05-14,Historical/archive-only,no obvious duplicate,historical/archive-only,25,MOVE_TO_ARCHIVE,"Already archived; useful only as historical evidence, rollback context, or prior audit trail."
Docs/archive/docs-housekeeping/2026-05-20-review/archive-historical/Docs/archive/admin-audits/DIAGNOSTICS_TARGET_SYNC_AUDIT.md,Diagnostics Target Docs Sync Audit,2026-05-20 12:16,archived historical/quarantine documentation,"2026-05-14, 2026-05-15",Historical/archive-only,no obvious duplicate,historical/archive-only,25,MOVE_TO_ARCHIVE,"Already archived; useful only as historical evidence, rollback context, or prior audit trail."
Docs/archive/docs-housekeeping/2026-05-20-review/archive-historical/Docs/archive/admin-audits/GENERATED_VENDOR_EXCLUSION_REVIEW.md,Generated/Vendor Artifact Exclusion Review,2026-05-20 12:16,archived historical/quarantine documentation,2026-05-14,Historical/archive-only,no obvious duplicate,historical/archive-only,25,MOVE_TO_ARCHIVE,"Already archived; useful only as historical evidence, rollback context, or prior audit trail."
Docs/archive/docs-housekeeping/2026-05-20-review/archive-historical/Docs/archive/admin-audits/MARKDOWN_LINK_FILE_EXISTENCE_SWEEP.md,Markdown Link and File-Existence Sweep,2026-05-20 12:16,archived historical/quarantine documentation,2026-05-14,Historical/archive-only,no obvious duplicate,historical/archive-only,25,MOVE_TO_ARCHIVE,"Already archived; useful only as historical evidence, rollback context, or prior audit trail."
Docs/archive/docs-housekeeping/2026-05-20-review/archive-historical/Docs/archive/admin-audits/NETWORK_READONLY_WORDING_AUDIT.md,Network Read-Only Language Audit,2026-05-20 12:16,archived historical/quarantine documentation,"V5, 2026-05-14, 2026-05-15",Historical/archive-only,no obvious duplicate,historical/archive-only,25,MOVE_TO_ARCHIVE,"Already archived; useful only as historical evidence, rollback context, or prior audit trail."
Docs/archive/docs-housekeeping/2026-05-20-review/archive-historical/Docs/archive/admin-audits/OPERATOR_COPY_CONSISTENCY_REVIEW.md,Operator Copy Vocabulary Consistency Review,2026-05-20 12:16,archived historical/quarantine documentation,2026-05-14,Historical/archive-only,no obvious duplicate,historical/archive-only,25,MOVE_TO_ARCHIVE,"Already archived; useful only as historical evidence, rollback context, or prior audit trail."
Docs/archive/docs-housekeeping/2026-05-20-review/archive-historical/Docs/archive/admin-audits/PENDING_PUBLISH_DOCS_FRESHNESS_REVIEW.md,Pending Publish Documentation Freshness Review,2026-05-20 12:16,archived historical/quarantine documentation,"2026-05-14, 2026-05-15",Historical/archive-only,no obvious duplicate,historical/archive-only,25,MOVE_TO_ARCHIVE,"Already archived; useful only as historical evidence, rollback context, or prior audit trail."
Docs/archive/docs-housekeeping/2026-05-20-review/archive-historical/Docs/archive/admin-audits/POWERSHELL_HOST_WORDING_AUDIT.md,PowerShell Host Wording Audit,2026-05-20 12:16,archived historical/quarantine documentation,2026-05-14,Historical/archive-only,no obvious duplicate,historical/archive-only,25,MOVE_TO_ARCHIVE,"Already archived; useful only as historical evidence, rollback context, or prior audit trail."
Docs/archive/docs-housekeeping/2026-05-20-review/archive-historical/Docs/archive/admin-audits/RENAME_DOCS_FRESHNESS_REVIEW.md,Rename Documentation Freshness Review,2026-05-20 12:16,archived historical/quarantine documentation,"2026-05-14, 2026-05-15",Historical/archive-only,no obvious duplicate,historical/archive-only,25,MOVE_TO_ARCHIVE,"Already archived; useful only as historical evidence, rollback context, or prior audit trail."
Docs/archive/docs-housekeeping/2026-05-20-review/archive-historical/Docs/archive/admin-audits/RUNTIME_ARTIFACT_SORTING_NOTES.md,Runtime Artifact Classification Sort Notes,2026-05-20 12:16,archived historical/quarantine documentation,2026-05-14,Historical/archive-only,no obvious duplicate,historical/archive-only,25,MOVE_TO_ARCHIVE,"Already archived; useful only as historical evidence, rollback context, or prior audit trail."
Docs/archive/docs-housekeeping/2026-05-20-review/archive-historical/Docs/archive/admin-audits/SCHEDULE_STALE_READONLY_WORDING_AUDIT.md,Stale Schedule Read-Only Wording Audit,2026-05-20 12:16,archived historical/quarantine documentation,2026-05-14,Historical/archive-only,no obvious duplicate,historical/archive-only,25,MOVE_TO_ARCHIVE,"Already archived; useful only as historical evidence, rollback context, or prior audit trail."
Docs/archive/docs-housekeeping/2026-05-20-review/archive-historical/Docs/archive/admin-audits/STALE_DOCS_TODO_AUDIT.md,Stale Docs / TODO Audit,2026-05-20 12:16,archived historical/quarantine documentation,"V3, V4, V5, 2026-05-14, 2026-05-07",Historical/archive-only,no obvious duplicate,historical/archive-only,25,MOVE_TO_ARCHIVE,"Already archived; useful only as historical evidence, rollback context, or prior audit trail."
Docs/archive/docs-housekeeping/2026-05-20-review/archive-historical/Docs/archive/admin-audits/WEBVIEW_DOM_ID_DEAD_REFERENCE_AUDIT.md,WebView DOM ID Dead Reference Audit,2026-05-20 12:16,archived historical/quarantine documentation,"2026-05-14, 2026-05-15",Historical/archive-only,no obvious duplicate,historical/archive-only,25,MOVE_TO_ARCHIVE,"Already archived; useful only as historical evidence, rollback context, or prior audit trail."
Docs/archive/docs-housekeeping/2026-05-20-review/archive-historical/Docs/archive/admin-audits/WEBVIEW_DOM_ID_NAMESPACE_AUDIT.md,WebView DOM ID Namespace Audit,2026-05-20 12:16,archived historical/quarantine documentation,not stated,Historical/archive-only,no obvious duplicate,historical/archive-only,25,MOVE_TO_ARCHIVE,"Already archived; useful only as historical evidence, rollback context, or prior audit trail."
Docs/archive/docs-housekeeping/2026-05-20-review/archive-historical/Docs/archive/admin-audits/WEBVIEW_OPERATOR_COPY_AUDIT.md,WebView Operator Copy Consistency Audit,2026-05-20 12:16,archived historical/quarantine documentation,not stated,Historical/archive-only,no obvious duplicate,historical/archive-only,25,MOVE_TO_ARCHIVE,"Already archived; useful only as historical evidence, rollback context, or prior audit trail."
Docs/archive/docs-housekeeping/2026-05-20-review/archive-historical/Docs/archive/admin-audits/WEBVIEW_SMOKE_BOUNDARY_TEXT_AUDIT.md,WebView Smoke Wrapper Boundary Text Audit,2026-05-20 12:16,archived historical/quarantine documentation,2026-05-15,Historical/archive-only,no obvious duplicate,historical/archive-only,25,MOVE_TO_ARCHIVE,"Already archived; useful only as historical evidence, rollback context, or prior audit trail."
Docs/archive/docs-housekeeping/2026-05-20-review/archive-historical/Docs/archive/completed-audits/CHANGELOG_NAVIGATION_PROPOSAL.md,Changelog Navigation and Pruning Proposal,2026-05-20 12:16,archived historical/quarantine documentation,"V5, 2026-05-14, 2026-05-08, 2026-05-10, 2026-05-11",Historical/archive-only,no obvious duplicate,historical/archive-only,25,MOVE_TO_ARCHIVE,"Already archived; useful only as historical evidence, rollback context, or prior audit trail."
Docs/archive/docs-housekeeping/2026-05-20-review/archive-historical/Docs/archive/completed-audits/CLAUDE_REVIEW_TARGETS_RECENT_WEBVIEW_HARDENING.md,Claude Review Targets: Recent WebView Evidence Hardening,2026-05-20 12:16,archived historical/quarantine documentation,"V4, 2026-05-15",Historical/archive-only,no obvious duplicate,historical/archive-only,25,MOVE_TO_ARCHIVE,"Already archived; useful only as historical evidence, rollback context, or prior audit trail."
Docs/archive/docs-housekeeping/2026-05-20-review/archive-historical/Docs/archive/completed-audits/COMMAND_HISTORY_CONSISTENCY_AUDIT.md,Command History Consistency Audit,2026-05-20 12:16,archived historical/quarantine documentation,not stated,Historical/archive-only,no obvious duplicate,historical/archive-only,25,MOVE_TO_ARCHIVE,"Already archived; useful only as historical evidence, rollback context, or prior audit trail."
Docs/archive/docs-housekeeping/2026-05-20-review/archive-historical/Docs/archive/completed-audits/DIAGNOSTICS_TARGET_ALLOWLIST_AUDIT.md,Diagnostics Target Allowlist Audit,2026-05-20 12:16,archived historical/quarantine documentation,2026-05-14,Historical/archive-only,no obvious duplicate,historical/archive-only,25,MOVE_TO_ARCHIVE,"Already archived; useful only as historical evidence, rollback context, or prior audit trail."
Docs/archive/docs-housekeeping/2026-05-20-review/archive-historical/Docs/archive/completed-audits/FRONTEND_MODULE_SIZE_COHESION_REPORT.md,Frontend Module Size / Cohesion Report,2026-05-20 12:16,archived historical/quarantine documentation,"V5, 2026-05-14",Historical/archive-only,no obvious duplicate,historical/archive-only,25,MOVE_TO_ARCHIVE,"Already archived; useful only as historical evidence, rollback context, or prior audit trail."
Docs/archive/docs-housekeeping/2026-05-20-review/archive-historical/Docs/archive/completed-audits/NETWORK_READ_ONLY_PARITY_AUDIT.md,Network Read-Only Parity Audit,2026-05-20 12:16,archived historical/quarantine documentation,not stated,Historical/archive-only,no obvious duplicate,historical/archive-only,25,MOVE_TO_ARCHIVE,"Already archived; useful only as historical evidence, rollback context, or prior audit trail."
Docs/archive/docs-housekeeping/2026-05-20-review/archive-historical/Docs/archive/completed-audits/PACKAGING_MANIFEST_REVIEW.md,Packaging Manifest Review,2026-05-20 12:16,archived historical/quarantine documentation,"V5, V4, 2026-05-14",Historical/archive-only,no obvious duplicate,historical/archive-only,25,MOVE_TO_ARCHIVE,"Already archived; useful only as historical evidence, rollback context, or prior audit trail."
Docs/archive/docs-housekeeping/2026-05-20-review/archive-historical/Docs/archive/completed-audits/REAL_MEDIA_VALIDATION_EVIDENCE_TEMPLATE_REVIEW.md,Real-Media Validation Evidence Template Review,2026-05-20 12:16,archived historical/quarantine documentation,"V5, 2026-05-14, 2026-05-15",Historical/archive-only,no obvious duplicate,historical/archive-only,25,MOVE_TO_ARCHIVE,"Already archived; useful only as historical evidence, rollback context, or prior audit trail."
Docs/archive/docs-housekeeping/2026-05-20-review/archive-historical/Docs/archive/completed-audits/RELEASE_SELF_TEST_LAYOUT_AUDIT.md,Release Self-Test Layout Inventory Check,2026-05-20 12:16,archived historical/quarantine documentation,"V5, 2026-05-15, 2026-05-14",Historical/archive-only,no obvious duplicate,historical/archive-only,25,MOVE_TO_ARCHIVE,"Already archived; useful only as historical evidence, rollback context, or prior audit trail."
Docs/archive/docs-housekeeping/2026-05-20-review/archive-historical/Docs/archive/completed-audits/STAGE16_UI_REF_AUDIT.md,Stage 16 — UI Design Reference Audit,2026-05-20 12:16,archived historical/quarantine documentation,2026-05-17,Historical/archive-only,no obvious duplicate,historical/archive-only,25,MOVE_TO_ARCHIVE,"Already archived; useful only as historical evidence, rollback context, or prior audit trail."
Docs/archive/docs-housekeeping/2026-05-20-review/archive-historical/Docs/archive/completed-audits/TAURI_ASSET_GATE_FRAGMENT_AUDIT.md,Tauri Asset Gate Fragment Audit,2026-05-20 12:16,archived historical/quarantine documentation,2026-05-15,Historical/archive-only,no obvious duplicate,historical/archive-only,25,MOVE_TO_ARCHIVE,"Already archived; useful only as historical evidence, rollback context, or prior audit trail."
Docs/archive/docs-housekeeping/2026-05-20-review/archive-historical/Docs/archive/completed-audits/V5_MODULE_OWNERSHIP_REVIEW_ADDENDUM.md,V5 Module Ownership Review Addendum,2026-05-20 12:16,archived historical/quarantine documentation,V5,Historical/archive-only,no obvious duplicate,historical/archive-only,25,MOVE_TO_ARCHIVE,"Already archived; useful only as historical evidence, rollback context, or prior audit trail."
Docs/archive/docs-housekeeping/2026-05-20-review/archive-historical/Docs/archive/completed-audits/WEBVIEW_APIPOST_MUTATION_REVIEW.md,WebView apiPost Mutation Boundary Review,2026-05-20 12:16,archived historical/quarantine documentation,"2026-05-14, 2026-05-15",Historical/archive-only,no obvious duplicate,historical/archive-only,25,MOVE_TO_ARCHIVE,"Already archived; useful only as historical evidence, rollback context, or prior audit trail."
Docs/archive/docs-housekeeping/2026-05-20-review/archive-historical/Docs/archive/completed-audits/WEBVIEW_OPERATOR_ERROR_MESSAGE_REVIEW.md,WebView Operator Error Message Review,2026-05-20 12:16,archived historical/quarantine documentation,2026-05-14,Historical/archive-only,no obvious duplicate,historical/archive-only,25,MOVE_TO_ARCHIVE,"Already archived; useful only as historical evidence, rollback context, or prior audit trail."
Docs/archive/docs-housekeeping/2026-05-20-review/archive-historical/Docs/archive/completed-checklists/ADMIN_TASK_COMPLETION_BOARD.md,Admin Task Completion Board,2026-05-20 12:16,archived historical/quarantine documentation,"V3, V4, V5, 2026-05-14, 2026-05-15",Historical/archive-only,no obvious duplicate,historical/archive-only,25,MOVE_TO_ARCHIVE,"Already archived; useful only as historical evidence, rollback context, or prior audit trail."
Docs/archive/docs-housekeeping/2026-05-20-review/archive-historical/Docs/archive/completed-checklists/CHECKLIST_ARCHIVE_REVIEW.md,Completed Checklist Archive Review,2026-05-20 12:16,archived historical/quarantine documentation,"V4, 2026-05-14, 2026-05-06",Historical/archive-only,no obvious duplicate,historical/archive-only,25,MOVE_TO_ARCHIVE,"Already archived; useful only as historical evidence, rollback context, or prior audit trail."
Docs/archive/docs-housekeeping/2026-05-20-review/archive-historical/Docs/archive/completed-checklists/CODE_CLEANUP_CHECKLIST.md,MediaPipelineRemuxEncodeAIO V4 Code Cleanup Archive,2026-05-20 12:16,archived historical/quarantine documentation,"V4, 2026-05-06",Historical/archive-only,no obvious duplicate,historical/archive-only,25,MOVE_TO_ARCHIVE,"Already archived; useful only as historical evidence, rollback context, or prior audit trail."
Docs/archive/docs-housekeeping/2026-05-20-review/archive-historical/Docs/archive/completed-checklists/CONTROL_SURFACE_HARDENING_CHECKLIST.md,MediaPipelineRemuxEncodeAIO V4 Control Surface Hardening Archive,2026-05-20 12:16,archived historical/quarantine documentation,"V4, 2026-05-06",Historical/archive-only,no obvious duplicate,historical/archive-only,25,MOVE_TO_ARCHIVE,"Already archived; useful only as historical evidence, rollback context, or prior audit trail."
Docs/archive/docs-housekeeping/2026-05-20-review/archive-historical/Docs/archive/completed-checklists/GOD_FILE_SPLIT_PLAN.md,God File Split Plan,2026-05-20 12:16,archived historical/quarantine documentation,"PG-2, Wave 6, Wave 4, Wave 5, Wave 1",Historical/archive-only,same filename as Docs/archive/docs-housekeeping/2026-05-20-review/archive-historical/Docs/proposals/GOD_FILE_SPLIT_PLAN.md,historical/archive-only,25,MOVE_TO_ARCHIVE,"Already archived; useful only as historical evidence, rollback context, or prior audit trail. Duplicate/supersession signal: same filename as Docs/archive/docs-housekeeping/2026-05-20-review/archive-historical/Docs/proposals/GOD_FILE_SPLIT_PLAN.md"
Docs/archive/docs-housekeeping/2026-05-20-review/archive-historical/Docs/archive/completed-checklists/GOD_FILE_SPLIT_WAVE6_PLAN.md,God File Split — Wave 6 Directive,2026-05-20 12:16,archived historical/quarantine documentation,"Wave 6, Wave numbering, Wave 4, Wave 5, wave follows",Historical/archive-only,no obvious duplicate,historical/archive-only,25,MOVE_TO_ARCHIVE,"Already archived; useful only as historical evidence, rollback context, or prior audit trail."
Docs/archive/docs-housekeeping/2026-05-20-review/archive-historical/Docs/archive/completed-checklists/NETWORK_MODE_CHECKLIST.md,Network Mode Implementation Archive,2026-05-20 12:16,archived historical/quarantine documentation,2026-05-06,Historical/archive-only,no obvious duplicate,historical/archive-only,25,MOVE_TO_ARCHIVE,"Already archived; useful only as historical evidence, rollback context, or prior audit trail."
Docs/archive/docs-housekeeping/2026-05-20-review/archive-historical/Docs/archive/completed-checklists/UI_CHECKLIST.md,MediaPipeline Desktop App UI Improvement Archive,2026-05-20 12:16,archived historical/quarantine documentation,2026-05-06,Historical/archive-only,no obvious duplicate,historical/archive-only,25,MOVE_TO_ARCHIVE,"Already archived; useful only as historical evidence, rollback context, or prior audit trail."
Docs/archive/docs-housekeeping/2026-05-20-review/archive-historical/Docs/archive/completed-checklists/UI_CHECKLIST_2.md,MediaPipeline Desktop App UI Improvement Archive 2,2026-05-20 12:16,archived historical/quarantine documentation,2026-05-06,Historical/archive-only,no obvious duplicate,historical/archive-only,25,MOVE_TO_ARCHIVE,"Already archived; useful only as historical evidence, rollback context, or prior audit trail."
Docs/archive/docs-housekeeping/2026-05-20-review/archive-historical/Docs/archive/completed-checklists/UI_CHECKLIST_3.md,MediaPipeline Desktop App UI Cleanup And Usability Archive,2026-05-20 12:16,archived historical/quarantine documentation,2026-05-06,Historical/archive-only,no obvious duplicate,historical/archive-only,25,MOVE_TO_ARCHIVE,"Already archived; useful only as historical evidence, rollback context, or prior audit trail."
Docs/archive/docs-housekeeping/2026-05-20-review/archive-historical/Docs/archive/completed-checklists/V5_HOUSEKEEPING_BEFORE_TRANSITION_RESUME.md,V5 Housekeeping Before Resuming Tauri/WebView2 Transition,2026-05-20 12:16,archived historical/quarantine documentation,"V5, V4, 2026-05-14",Historical/archive-only,no obvious duplicate,historical/archive-only,25,MOVE_TO_ARCHIVE,"Already archived; useful only as historical evidence, rollback context, or prior audit trail."
Docs/archive/docs-housekeeping/2026-05-20-review/archive-historical/Docs/archive/completed-checklists/V5_PROGRESS_BARS_PLAN.md,V5 Progress Bars Plan,2026-05-20 12:16,archived historical/quarantine documentation,"V5, 2026-05-17, 2026-05-19, 2026-05-18",Historical/archive-only,no obvious duplicate,historical/archive-only,25,MOVE_TO_ARCHIVE,"Already archived; useful only as historical evidence, rollback context, or prior audit trail."
Docs/archive/docs-housekeeping/2026-05-20-review/archive-historical/Docs/archive/historical-plans/ACTIVE_FIX_CHECKLIST_20260520_ARCHIVED.md,Active Fix Checklist,2026-05-20 12:16,archived historical/quarantine documentation,"V5, V4, PG-2, PG-3, Wave B",Historical/archive-only,same title as Docs/ACTIVE_FIX_CHECKLIST.md,historical/archive-only,25,MOVE_TO_ARCHIVE,"Already archived; useful only as historical evidence, rollback context, or prior audit trail. Duplicate/supersession signal: same title as Docs/ACTIVE_FIX_CHECKLIST.md"
Docs/archive/docs-housekeeping/2026-05-20-review/archive-historical/Docs/archive/historical-plans/V5_TAURI_TRANSITION_CURRENT_PLAN_20260520_ARCHIVED.md,MediaPipelineRemuxEncodeAIO V5 Tauri/WebView2 Transition Current Plan,2026-05-20 12:16,archived historical/quarantine documentation,"V5, V4, PG-3, PG-1, PG-2",Historical/archive-only,no obvious duplicate,historical/archive-only,25,MOVE_TO_ARCHIVE,"Already archived; useful only as historical evidence, rollback context, or prior audit trail."
Docs/archive/docs-housekeeping/2026-05-20-review/archive-historical/Docs/archive/historical-plans/V5_TRANSITION_REVIEW_FIX_CHECKLIST_20260520_ARCHIVED.md,V5 Transition Review Fix Checklist,2026-05-20 12:16,archived historical/quarantine documentation,"V5, V4, PG-3, 2026-05-18",Historical/archive-only,same title as V5_TRANSITION_REVIEW_FIX_CHECKLIST.md,historical/archive-only,25,MOVE_TO_ARCHIVE,"Already archived; useful only as historical evidence, rollback context, or prior audit trail. Duplicate/supersession signal: same title as V5_TRANSITION_REVIEW_FIX_CHECKLIST.md"
Docs/archive/docs-housekeeping/2026-05-20-review/archive-historical/Docs/archive/historical-plans/V5_TRANSITION_STATUS_BOARD_20260520_ARCHIVED.md,V5 Transition Status Board,2026-05-20 12:16,archived historical/quarantine documentation,"V5, V4, PG-3, PG-2, 2026-05-19",Historical/archive-only,no obvious duplicate,historical/archive-only,25,MOVE_TO_ARCHIVE,"Already archived; useful only as historical evidence, rollback context, or prior audit trail."
Docs/archive/docs-housekeeping/2026-05-20-review/archive-historical/Docs/archive/historical-reviews/GUI_FRAMEWORK_DECISION_AND_MIGRATION_PLAN.md,GUI Framework Decision And Migration Plan,2026-05-20 12:16,archived historical/quarantine documentation,"V4, 2026-05-07",Historical/archive-only,no obvious duplicate,historical/archive-only,25,MOVE_TO_ARCHIVE,"Already archived; useful only as historical evidence, rollback context, or prior audit trail."
Docs/archive/docs-housekeeping/2026-05-20-review/archive-historical/Docs/archive/historical-reviews/TAURI_WEBVIEW2_TRANSITION_GROUNDWORK.md,Tauri/WebView2 Transition Groundwork,2026-05-20 12:16,archived historical/quarantine documentation,"V5, V4, 2026-05-07",Historical/archive-only,no obvious duplicate,historical/archive-only,25,MOVE_TO_ARCHIVE,"Already archived; useful only as historical evidence, rollback context, or prior audit trail."
Docs/archive/docs-housekeeping/2026-05-20-review/archive-historical/Docs/archive/historical-reviews/V3_RELIABILITY_NOTES.md,V5 Reliability Baseline Inherited From V4 Hardening,2026-05-20 12:16,archived historical/quarantine documentation,"V5, V4",Historical/archive-only,no obvious duplicate,historical/archive-only,25,MOVE_TO_ARCHIVE,"Already archived; useful only as historical evidence, rollback context, or prior audit trail."
Docs/archive/docs-housekeeping/2026-05-20-review/archive-historical/Docs/archive/historical-reviews/V4_MIGRATION_NOTES.md,MediaPipelineRemuxEncodeAIO V4 Migration Notes,2026-05-20 12:16,archived historical/quarantine documentation,"V4, V3",Historical/archive-only,no obvious duplicate,historical/archive-only,25,MOVE_TO_ARCHIVE,"Already archived; useful only as historical evidence, rollback context, or prior audit trail."
Docs/archive/docs-housekeeping/2026-05-20-review/archive-historical/Docs/archive/ui-impl-specs/V5_UI_IMPL_STAGE11_CLAUDE.md,V5 UI Implementation — Stage 11 (Claude),2026-05-20 12:16,archived historical/quarantine documentation,V5,Historical/archive-only,no obvious duplicate,historical/archive-only,25,MOVE_TO_ARCHIVE,"Already archived; useful only as historical evidence, rollback context, or prior audit trail."
Docs/archive/docs-housekeeping/2026-05-20-review/archive-historical/Docs/archive/ui-impl-specs/V5_UI_IMPL_STAGE12_CLAUDE.md,V5 UI Implementation — Stage 12 (Claude),2026-05-20 12:16,archived historical/quarantine documentation,V5,Historical/archive-only,no obvious duplicate,historical/archive-only,25,MOVE_TO_ARCHIVE,"Already archived; useful only as historical evidence, rollback context, or prior audit trail."
Docs/archive/docs-housekeeping/2026-05-20-review/archive-historical/Docs/archive/ui-impl-specs/V5_UI_IMPL_STAGE1_CODEX.md,V5 UI Implementation — Stage 1 (Codex),2026-05-20 12:16,archived historical/quarantine documentation,V5,Historical/archive-only,no obvious duplicate,historical/archive-only,25,MOVE_TO_ARCHIVE,"Already archived; useful only as historical evidence, rollback context, or prior audit trail."
Docs/archive/docs-housekeeping/2026-05-20-review/archive-historical/Docs/archive/ui-impl-specs/V5_UI_IMPL_STAGE2_CLAUDE.md,V5 UI Implementation — Stage 2 (Claude),2026-05-20 12:16,archived historical/quarantine documentation,"V5, 2026-05-15",Historical/archive-only,no obvious duplicate,historical/archive-only,25,MOVE_TO_ARCHIVE,"Already archived; useful only as historical evidence, rollback context, or prior audit trail."
Docs/archive/docs-housekeeping/2026-05-20-review/archive-historical/Docs/archive/ui-impl-specs/V5_UI_IMPL_STAGE3_CODEX.md,V5 UI Implementation — Stage 3 (Codex),2026-05-20 12:16,archived historical/quarantine documentation,"V5, 2026-05-16",Historical/archive-only,no obvious duplicate,historical/archive-only,25,MOVE_TO_ARCHIVE,"Already archived; useful only as historical evidence, rollback context, or prior audit trail."
Docs/archive/docs-housekeeping/2026-05-20-review/archive-historical/Docs/archive/ui-impl-specs/V5_UI_IMPL_STAGE5_CODEX.md,V5 UI Implementation — Stage 5 (Codex),2026-05-20 12:16,archived historical/quarantine documentation,"V5, 2026-05-16",Historical/archive-only,no obvious duplicate,historical/archive-only,25,MOVE_TO_ARCHIVE,"Already archived; useful only as historical evidence, rollback context, or prior audit trail."
Docs/archive/docs-housekeeping/2026-05-20-review/archive-historical/Docs/archive/ui-impl-specs/V5_UI_IMPL_STAGE7_CODEX.md,V5 UI Implementation — Stage 7 (Codex),2026-05-20 12:16,archived historical/quarantine documentation,"V5, 2026-05-16",Historical/archive-only,no obvious duplicate,historical/archive-only,25,MOVE_TO_ARCHIVE,"Already archived; useful only as historical evidence, rollback context, or prior audit trail."
Docs/archive/docs-housekeeping/2026-05-20-review/archive-historical/Docs/archive/ui-impl-specs/V5_UI_IMPL_STAGE9_CODEX.md,V5 UI Implementation — Stage 9 (Codex),2026-05-20 12:16,archived historical/quarantine documentation,"V5, 2026-05-16",Historical/archive-only,no obvious duplicate,historical/archive-only,25,MOVE_TO_ARCHIVE,"Already archived; useful only as historical evidence, rollback context, or prior audit trail."
Docs/archive/docs-housekeeping/2026-05-20-review/archive-historical/Docs/archive/ui-impl-specs/V5_UI_PANEL_ORDER_PASS.md,V5 UI Panel Order Pass - Implementation Plan,2026-05-20 12:16,archived historical/quarantine documentation,"V5, 2026-05-16",Historical/archive-only,no obvious duplicate,historical/archive-only,25,MOVE_TO_ARCHIVE,"Already archived; useful only as historical evidence, rollback context, or prior audit trail."
Docs/archive/docs-housekeeping/2026-05-20-review/archive-historical/Docs/proposals/GOD_FILE_SPLIT_PLAN.md,God File Split Plan Status,2026-05-20 12:16,archived historical/quarantine documentation,2026-05-19,Historical/archive-only,same filename as Docs/archive/docs-housekeeping/2026-05-20-review/archive-historical/Docs/archive/completed-checklists/GOD_FILE_SPLIT_PLAN.md,historical/archive-only,25,MOVE_TO_ARCHIVE,"Already archived; useful only as historical evidence, rollback context, or prior audit trail. Duplicate/supersession signal: same filename as Docs/archive/docs-housekeeping/2026-05-20-review/archive-historical/Docs/archive/completed-checklists/GOD_FILE_SPLIT_PLAN.md"
Docs/archive/docs-housekeeping/2026-05-20-review/archive-historical/V5_TRANSITION_CODE_REVIEW.md,V5 Transition Code Review,2026-05-20 12:16,archived historical/quarantine documentation,"V5, V4, 2026-05-18, 2026-05-17",Historical/archive-only,no obvious duplicate,historical/archive-only,25,MOVE_TO_ARCHIVE,"Already archived; useful only as historical evidence, rollback context, or prior audit trail."
Docs/archive/docs-housekeeping/2026-05-20-review/delete-candidates/Docs/archive/admin-audits/DOCS_DEAD_MARKDOWN_AUDIT.md,Docs Folder Dead Markdown Audit,2026-05-20 12:16,archived historical/quarantine documentation,"V3, V4, V5, 2026-05-14, 2026-05-15",Delete candidate after confirmation,no obvious duplicate,safe-to-delete candidate,8,DELETE_AFTER_CONFIRMATION,Already quarantined as delete-candidate material; keep until operator confirms deletion.
Docs/archive/docs-housekeeping/2026-05-20-review/delete-candidates/Docs/archive/admin-audits/DOCS_FOLDER_SORTING_PROPOSAL.md,Docs Folder Sorting Proposal,2026-05-20 12:16,archived historical/quarantine documentation,"V5, 2026-05-14, 2026-05-06",Delete candidate after confirmation,no obvious duplicate,safe-to-delete candidate,8,DELETE_AFTER_CONFIRMATION,Already quarantined as delete-candidate material; keep until operator confirms deletion.
Docs/archive/docs-housekeeping/2026-05-20-review/delete-candidates/Docs/archive/admin-audits/HOUSEKEEPING_AUDIT_REPORT.md,Housekeeping Audit Report,2026-05-20 12:16,archived historical/quarantine documentation,"V5, V3, V4, 2026-05-15",Delete candidate after confirmation,no obvious duplicate,safe-to-delete candidate,8,DELETE_AFTER_CONFIRMATION,Already quarantined as delete-candidate material; keep until operator confirms deletion.
Docs/archive/docs-housekeeping/2026-05-20-review/delete-candidates/Docs/archive/admin-audits/HOUSEKEEPING_EXECUTION_CHECKLIST.md,Housekeeping Execution Checklist,2026-05-20 12:16,archived historical/quarantine documentation,"V5, V4, 2026-05-15",Delete candidate after confirmation,no obvious duplicate,safe-to-delete candidate,8,DELETE_AFTER_CONFIRMATION,Already quarantined as delete-candidate material; keep until operator confirms deletion.
Docs/archive/docs-housekeeping/2026-05-20-review/delete-candidates/Docs/archive/admin-audits/LOCAL_API_ROUTE_COUNT_SYNC_AUDIT.md,Local API Route Count Sync Audit,2026-05-20 12:16,archived historical/quarantine documentation,"V5, 2026-05-14, 2026-05-15",Delete candidate after confirmation,no obvious duplicate,safe-to-delete candidate,8,DELETE_AFTER_CONFIRMATION,Already quarantined as delete-candidate material; keep until operator confirms deletion.
Docs/archive/docs-housekeeping/2026-05-20-review/delete-candidates/Docs/archive/admin-audits/MD_CLEANUP_AUDIT_REPORT.md,Markdown Cleanup Audit Report,2026-05-20 12:16,archived historical/quarantine documentation,"V5, V4, V3, 2026-05-15, 2026-05-14",Delete candidate after confirmation,no obvious duplicate,safe-to-delete candidate,8,DELETE_AFTER_CONFIRMATION,Already quarantined as delete-candidate material; keep until operator confirms deletion.
Docs/archive/docs-housekeeping/2026-05-20-review/delete-candidates/Docs/archive/admin-audits/STALE_VERSION_LABEL_AUDIT.md,Stale Version Label Audit,2026-05-20 12:16,archived historical/quarantine documentation,"V5, V3, V4, 2026-05-18",Delete candidate after confirmation,no obvious duplicate,safe-to-delete candidate,8,DELETE_AFTER_CONFIRMATION,Already quarantined as delete-candidate material; keep until operator confirms deletion.
Docs/archive/docs-housekeeping/2026-05-20-review/delete-candidates/Docs/archive/admin-audits/STALE_VERSION_LABEL_AUDIT_2026_05_14_ADDENDUM.md,Stale Version Label Audit — 2026-05-14 Addendum,2026-05-20 12:16,archived historical/quarantine documentation,"V5, V4, 2026-05-14, 2026-05-18",Delete candidate after confirmation,no obvious duplicate,safe-to-delete candidate,8,DELETE_AFTER_CONFIRMATION,Already quarantined as delete-candidate material; keep until operator confirms deletion.
Docs/archive/docs-housekeeping/2026-05-20-review/delete-candidates/Docs/archive/admin-audits/TAURI_DAILY_DRIVER_WORDING_AUDIT.md,Tauri Preview Vs Daily Driver Wording Audit,2026-05-20 12:16,archived historical/quarantine documentation,"V5, V4, 2026-05-14, 2026-05-15",Delete candidate after confirmation,no obvious duplicate,safe-to-delete candidate,8,DELETE_AFTER_CONFIRMATION,Already quarantined as delete-candidate material; keep until operator confirms deletion.
Docs/archive/docs-housekeeping/2026-05-20-review/delete-candidates/Docs/archive/old-ai-directives/CLAUDE_HANDOFF_20_TASK_BACKLOG.md,Claude Handoff: 20 Bounded V5 Transition Tasks,2026-05-20 12:16,archived historical/quarantine documentation,"V5, V4, V3",Delete candidate after confirmation,no obvious duplicate,safe-to-delete candidate,8,DELETE_AFTER_CONFIRMATION,Already quarantined as delete-candidate material; keep until operator confirms deletion.
Docs/archive/docs-housekeeping/2026-05-20-review/delete-candidates/Docs/archive/old-ai-directives/CLAUDE_HANDOFF_ADMIN_20_TASK_BACKLOG.md,Claude Handoff: 20 Administrative V5 Transition Tasks,2026-05-20 12:16,archived historical/quarantine documentation,"V5, V4, V3",Delete candidate after confirmation,no obvious duplicate,safe-to-delete candidate,8,DELETE_AFTER_CONFIRMATION,Already quarantined as delete-candidate material; keep until operator confirms deletion.
Docs/archive/docs-housekeeping/2026-05-20-review/delete-candidates/Docs/archive/old-ai-directives/CLAUDE_HANDOFF_CLEANUP_REVIEW_SORTING_BACKLOG.md,"Claude Handoff: Cleanup, Review, And Sorting Backlog",2026-05-20 12:16,archived historical/quarantine documentation,"V4, V3, V5",Delete candidate after confirmation,no obvious duplicate,safe-to-delete candidate,8,DELETE_AFTER_CONFIRMATION,Already quarantined as delete-candidate material; keep until operator confirms deletion.
Docs/archive/docs-housekeeping/2026-05-20-review/delete-candidates/Docs/archive/old-ai-directives/CLAUDE_HANDOFF_RENAME_READINESS_WRAPPER.md,Claude Handoff: Root Rename Readiness Smoke Wrapper,2026-05-20 12:16,archived historical/quarantine documentation,V4,Delete candidate after confirmation,no obvious duplicate,safe-to-delete candidate,8,DELETE_AFTER_CONFIRMATION,Already quarantined as delete-candidate material; keep until operator confirms deletion.
Docs/archive/docs-housekeeping/2026-05-20-review/delete-candidates/Docs/archive/old-ai-directives/CLAUDE_HANDOFF_ROUND3_COMPLETION_SUMMARY.md,Claude Handoff Round 3 — Completion Summary,2026-05-20 12:16,archived historical/quarantine documentation,"V4, V5, 2026-05-15, 2026-05-07",Delete candidate after confirmation,no obvious duplicate,safe-to-delete candidate,8,DELETE_AFTER_CONFIRMATION,Already quarantined as delete-candidate material; keep until operator confirms deletion.
Docs/archive/docs-housekeeping/2026-05-20-review/delete-candidates/Docs/archive/old-ai-directives/CLAUDE_HANDOFF_ROUND4_COMPLETION_SUMMARY.md,CLN4 Round 4 Completion Summary,2026-05-20 12:16,archived historical/quarantine documentation,"V4, V5, 2026-05-15, 2026-05-14",Delete candidate after confirmation,no obvious duplicate,safe-to-delete candidate,8,DELETE_AFTER_CONFIRMATION,Already quarantined as delete-candidate material; keep until operator confirms deletion.
Docs/archive/docs-housekeeping/2026-05-20-review/delete-candidates/Docs/archive/old-ai-directives/CLAUDE_HANDOFF_STATUS_RECONCILIATION.md,Claude Handoff Status Reconciliation,2026-05-20 12:16,archived historical/quarantine documentation,"V5, V3, V4, 2026-05-14",Delete candidate after confirmation,no obvious duplicate,safe-to-delete candidate,8,DELETE_AFTER_CONFIRMATION,Already quarantined as delete-candidate material; keep until operator confirms deletion.
Docs/archive/docs-housekeeping/2026-05-20-review/delete-candidates/Docs/archive/old-ai-directives/CLAUDE_HANDOFF_TRANSITION_SUPPORT_20_TASKS.md,Claude Handoff: V5 Transition Support Tasks,2026-05-20 12:16,archived historical/quarantine documentation,"V5, 2026-05-14",Delete candidate after confirmation,no obvious duplicate,safe-to-delete candidate,8,DELETE_AFTER_CONFIRMATION,Already quarantined as delete-candidate material; keep until operator confirms deletion.
Docs/archive/docs-housekeeping/2026-05-20-review/delete-candidates/Docs/archive/old-ai-directives/CLAUDE_HANDOFF_TRANSITION_SUPPORT_30_TASKS_ROUND3.md,Claude Handoff: V5 Transition Support Tasks Round 3,2026-05-20 12:16,archived historical/quarantine documentation,"V5, V4, 2026-05-15",Delete candidate after confirmation,no obvious duplicate,safe-to-delete candidate,8,DELETE_AFTER_CONFIRMATION,Already quarantined as delete-candidate material; keep until operator confirms deletion.
Docs/archive/docs-housekeeping/2026-05-20-review/delete-candidates/Docs/archive/old-ai-directives/CLAUDE_HANDOFF_TRANSITION_SUPPORT_30_TASKS_ROUND4.md,Claude Handoff: V5 Transition Support Tasks Round 4,2026-05-20 12:16,archived historical/quarantine documentation,"V5, V4, 2026-05-15",Delete candidate after confirmation,no obvious duplicate,safe-to-delete candidate,8,DELETE_AFTER_CONFIRMATION,Already quarantined as delete-candidate material; keep until operator confirms deletion.
